epoch,entropy_loss,policy_gradient_loss,value_loss,approx_kl,clip_fraction,loss,explained_variance,n_updates,clip_range
9,-2.800662425160408,-0.0015884590255154,8.54670298025012,0.0054326695,0.040704345703125,5.191742897033691,-0.0057122707366943,10,0.2
9,-2.736658748611808,-0.002147838838573,12.746128638088702,0.0053558414801955,0.050494384765625,6.355294704437256,0.3318227529525757,20,0.2
9,-2.676849504560232,-0.0009468688891502,11.695358331501485,0.0075818812474608,0.06710205078125,6.306245803833008,0.3567070960998535,30,0.2
9,-2.635842769220472,-0.0010269084847095,12.4674790635705,0.0049668117426335,0.085003662109375,6.607552528381348,0.3342408537864685,40,0.2
9,-2.5752114415168763,-0.0014273183194745,16.820691131055355,0.0148933138698339,0.11177978515625,7.935231208801269,0.3475649952888489,50,0.2
9,-2.512321013212204,-0.0017063731647795,20.493258234858512,0.006562715396285,0.08935546875,10.79202938079834,0.3926985263824463,60,0.2
9,-2.466126814112067,0.0011890006753674,24.55104582160711,0.0108735486865043,0.123883056640625,10.51576805114746,0.4074270129203796,70,0.2
9,-2.409282282739878,-0.0006054584489902,26.225202590227127,0.0169358644634485,0.1041259765625,12.560535430908203,0.4151821136474609,80,0.2
9,-2.355348363518715,-0.0022011577206285,22.68281321525573,0.0084707485511899,0.09139404296875,9.463912963867188,0.4490138292312622,90,0.2
9,-2.309421514719725,-0.0003259190460084,26.062583047151566,0.0096439737826585,0.110906982421875,14.916760444641112,0.4784156680107116,100,0.2
9,-2.254402684420348,0.0013593376068456,24.57618864476681,0.0093960985541343,0.11654052734375,15.378632545471191,0.4210339188575744,110,0.2
9,-2.1870021943002937,0.0002688943535758,25.079048222303392,0.0099538303911685,0.13135986328125,14.131425857543944,0.4594236016273498,120,0.2
9,-2.1419601548463105,0.0006999921752139,23.9657429471612,0.0109998462721705,0.13460693359375,13.157633781433104,0.4976692795753479,130,0.2
9,-2.0827094417065384,-7.116867345757782e-05,27.253241482377053,0.0093959979712963,0.126214599609375,13.894433975219728,0.4705250263214111,140,0.2
9,-2.0207488272339105,-0.0016913641600694,28.862417128682136,0.0115704871714115,0.12447509765625,12.783730506896973,0.4982928037643432,150,0.2
9,-1.9767167186364527,-0.0012811285127099,26.31479592323303,0.0107407225295901,0.10975341796875,9.36186408996582,0.5328226983547211,160,0.2
9,-1.9181294683367007,0.0017350233771139,28.8368848502636,0.0145969688892364,0.132257080078125,15.499051094055176,0.4927387237548828,170,0.2
9,-1.8765310106799007,0.0016879673319635,31.647551372647285,0.0110197607427835,0.13028564453125,14.328453063964844,0.5364992022514343,180,0.2
9,-1.8201516130939128,0.0009847365017776,31.02653758227825,0.0110059138387441,0.146722412109375,14.218562126159668,0.536352127790451,190,0.2
9,-1.7678286056965589,0.0030632766160124,30.686178696155547,0.0106572043150663,0.156829833984375,13.381380081176758,0.5336112380027771,200,0.2
9,-1.7273176787421107,0.0057836778221826,29.100910991430283,0.0161937586963176,0.16910400390625,13.36856460571289,0.5631731152534485,210,0.2
9,-1.6787456829100846,0.0017321728068054,29.326466315984725,0.0106927910819649,0.1607666015625,12.189126968383787,0.564395010471344,220,0.2
9,-1.628247627057135,0.0012104131223168,32.51993066072464,0.0163067989051342,0.15560302734375,17.529577255249023,0.5613164901733398,230,0.2
9,-1.5742541421204803,0.0035385667084483,29.2324501991272,0.0104165887460112,0.157708740234375,16.08689308166504,0.5516192317008972,240,0.2
9,-1.5512291487306356,6.411367467080708e-05,29.035242500901223,0.0076203262433409,0.11658935546875,11.604716300964355,0.5766797065734863,250,0.2
9,-1.4973069513216617,0.0019039864688238,28.65404331088066,0.0189500823616981,0.148809814453125,15.069168090820312,0.5503463447093964,260,0.2
9,-1.439320809952915,0.000776989836595,31.59082089662552,0.0143272560089826,0.139556884765625,19.814329147338867,0.5649985074996948,270,0.2
9,-1.3916682699695229,0.0006034936493961,28.253452372550964,0.0108682569116353,0.124462890625,16.408340454101562,0.5663261115550995,280,0.2
9,-1.35766046307981,0.0001922137264045,30.443458011746408,0.0119775049388408,0.12694091796875,15.568224906921388,0.5644554793834686,290,0.2
9,-1.3081615056842566,0.0010504775949812,27.108683416247366,0.0133149661123752,0.15125732421875,13.973858833312988,0.5849112868309021,300,0.2
9,-1.255412866175175,0.0011600264049775,28.20967654883861,0.0088734216988086,0.13507080078125,12.77028465270996,0.5593369603157043,310,0.2
9,-1.2085486186668275,0.0009430542624613,27.767169830203056,0.0100571867078542,0.15343017578125,16.06856918334961,0.566441148519516,320,0.2
9,-1.1619396103546022,9.354059875477104e-05,26.02754364311695,0.010814843699336,0.135540771484375,11.182366371154783,0.5605266094207764,330,0.2
9,-1.1168726364150643,0.0010116730540175,26.88734539747238,0.0134480483829975,0.1462646484375,13.993975639343262,0.5731149017810822,340,0.2
9,-1.07320250608027,-0.0014405892281502,29.23620073497296,0.0131486309692263,0.120220947265625,13.40788745880127,0.5673262178897858,350,0.2
9,-1.0172551927156743,0.0007249382921145,26.107207968831062,0.0112975258380174,0.135333251953125,12.899962425231934,0.5919985175132751,360,0.2
9,-0.98874169876799,0.001000487418787,25.432083210349084,0.0093824062496423,0.11884765625,14.010024070739746,0.5850453674793243,370,0.2
9,-0.9560486217960716,0.0011298571240331,28.05923148989677,0.0128962956368923,0.120880126953125,13.38841152191162,0.6031002104282379,380,0.2
9,-0.930420998763293,-0.0003457474223978,33.5878227353096,0.0127733144909143,0.133135986328125,17.725570678710938,0.5792833268642426,390,0.2
9,-0.8944138544611633,-0.00057104874395,34.33434848487377,0.007843354716897,0.10416259765625,16.13036346435547,0.5857102870941162,400,0.2
9,-0.8501800956204534,-2.050983457593248e-05,35.30206587910652,0.0115020759403705,0.118402099609375,18.11800575256348,0.5869224965572357,410,0.2
9,-0.79775261413306,-0.0009128019180934,27.36594372391701,0.0109521010890603,0.1178466796875,14.07455825805664,0.5955206155776978,420,0.2
9,-0.7477685874328017,-0.0002521834852814,31.756604424119,0.0191458333283662,0.12552490234375,14.815999031066896,0.6035949885845184,430,0.2
9,-0.7141641702502965,-0.0022818199333414,36.29985783100128,0.0089143812656402,0.108355712890625,16.07220458984375,0.5971311330795288,440,0.2
9,-0.6778701603412628,0.0007138921209843,44.67144493162632,0.0099703446030616,0.114947509765625,20.01564598083496,0.5779075622558594,450,0.2
9,-0.635042423568666,-0.0008314478407555,36.32824740409851,0.0098113156855106,0.11353759765625,18.6010684967041,0.5830448269844055,460,0.2
9,-0.5937434758991003,0.0030856909928843,32.62938803434372,0.0136988591402769,0.139776611328125,22.861846923828125,0.5667963624000549,470,0.2
9,-0.5740548836067318,0.0006761142150935,31.77731555998325,0.0103377699851989,0.124981689453125,13.664222717285156,0.5902983546257019,480,0.2
9,-0.5255562448874116,-0.0016860779254784,35.28303700685501,0.0153107931837439,0.141021728515625,17.017065048217773,0.6079310178756714,490,0.2
9,-0.5018889894708991,-5.994038874632679e-05,30.72482242882252,0.0152897108346223,0.140087890625,11.18771743774414,0.6149738729000092,500,0.2
9,-0.4725257374346256,-0.0020062106850673,32.78548911213875,0.0120738502591848,0.139166259765625,15.326586723327637,0.5911749601364136,510,0.2
9,-0.4320240320637822,0.002082148673071,29.92199544608593,0.0126217156648635,0.14698486328125,11.796197891235352,0.5981425642967224,520,0.2
9,-0.3982362950220704,0.0008668091941217,32.12127224802971,0.0114124696701765,0.13533935546875,13.79561996459961,0.5994302332401276,530,0.2
9,-0.3611702214926481,0.0006695785952615,29.496186369657515,0.0143294679000973,0.151324462890625,14.098566055297852,0.5797519385814667,540,0.2
9,-0.3258733449503779,-0.0017106753977714,26.658694341778755,0.0201814193278551,0.15767822265625,13.417852401733398,0.6451898217201233,550,0.2
9,-0.2939237819984555,0.0011295186028291,26.175754922628403,0.0162580702453851,0.1673095703125,15.099397659301758,0.6364307105541229,560,0.2
9,-0.254280100017786,0.0005076811379694,29.346376717090607,0.0144094293937087,0.1642578125,17.260347366333008,0.620077520608902,570,0.2
9,-0.2043032428249716,-0.0005112739585456,33.50195148587227,0.0230476632714271,0.16529541015625,13.488011360168455,0.6127476692199707,580,0.2
9,-0.183166486211121,0.0017988937386689,35.13970276713371,0.0107053443789482,0.159161376953125,14.747672080993652,0.6165912747383118,590,0.2
9,-0.1465716481208801,-0.0012901911904918,34.51314605474472,0.0111699607223272,0.147174072265625,17.643030166625977,0.5938141942024231,600,0.2
9,-0.1223458588123321,0.0076678196091961,34.704176145792005,0.0143008753657341,0.186529541015625,13.958980560302734,0.5562026798725128,610,0.2
9,-0.0613902365788817,0.0011305193522275,33.32772575318813,0.0130543634295463,0.167657470703125,15.33660888671875,0.5903290212154388,620,0.2
9,-0.0246925760060548,0.0023851221776567,35.204414886236194,0.0196053609251976,0.156756591796875,19.99869537353516,0.6077097654342651,630,0.2
9,0.0001198522746562,0.0011172501104738,35.35508958101273,0.0124671701341867,0.135760498046875,18.481170654296875,0.5783533751964569,640,0.2
9,0.0319185748696327,0.0012786910414433,35.86617014706135,0.0156414993107318,0.1421875,17.843090057373047,0.5826381742954254,650,0.2
9,0.0454647939652204,0.0003131429599307,38.17591699361801,0.0110495015978813,0.127410888671875,18.165212631225582,0.5989488661289215,660,0.2
9,0.0947491323575377,0.0004523456205788,38.88912423253059,0.0154260965064167,0.147119140625,20.25240898132324,0.571651428937912,670,0.2
9,0.1250140637159347,0.0022822423248726,42.5004409879446,0.0193805396556854,0.1585205078125,24.64607620239257,0.5723869800567627,680,0.2
9,0.1554314617067575,0.0034252251934958,40.763118708133696,0.0119933877140283,0.15653076171875,20.34772491455078,0.5785979330539703,690,0.2
9,0.1633276792243123,0.0020199106016661,39.92103347480297,0.0127465324476361,0.138446044921875,16.893863677978516,0.5727008581161499,700,0.2
9,0.186741897650063,0.0025631773554778,40.56795733571053,0.0136229768395423,0.15750732421875,20.659740447998047,0.5594518184661865,710,0.2
9,0.2287522604689002,0.0024314308568136,36.6854244530201,0.0156147079542279,0.1759765625,20.33752822875977,0.569316565990448,720,0.2
9,0.2578799163922667,0.0021608159237075,34.47070094048977,0.0136162526905536,0.157293701171875,15.40465259552002,0.5798629522323608,730,0.2
9,0.2948465565219521,0.0027716271062672,37.46387095451355,0.0150383096188306,0.162664794921875,19.09066200256348,0.5873202979564667,740,0.2
9,0.3216346431523561,-0.0008601037810876,43.03509974181652,0.0151479188352823,0.1513916015625,20.600238800048828,0.5680906176567078,750,0.2
9,0.3464419081807136,0.0040708666849241,37.89795399010181,0.021273884922266,0.16287841796875,17.84925651550293,0.5887233912944794,760,0.2
9,0.3735926846042275,0.0026502861506742,43.12509809136391,0.0147036276757717,0.138702392578125,20.862598419189453,0.584558755159378,770,0.2
9,0.3991414332762361,0.0080046134753501,42.58527734279632,0.020171970129013,0.195989990234375,20.49197578430176,0.5682592988014221,780,0.2
9,0.4249987104907632,0.0029981582287291,36.72470790445804,0.0250785760581493,0.1554931640625,18.282060623168945,0.5663647055625916,790,0.2
9,0.45461749099195,0.0005812143310322,34.15308702290058,0.0152976838871836,0.151617431640625,15.244669914245604,0.6105177700519562,800,0.2
9,0.5016081050038338,0.0044691083880024,41.29070624113083,0.0196024011820554,0.1593017578125,22.432329177856445,0.5597468018531799,810,0.2
9,0.5352182731032371,0.0019468373677227,37.30193374454975,0.0149842277169227,0.1525390625,24.746070861816406,0.5562504529953003,820,0.2
9,0.558437567949295,0.0075779263661388,39.55065760016441,0.0108272433280944,0.163531494140625,17.690900802612305,0.5736238956451416,830,0.2
9,0.5868018554523587,0.0046908235446608,34.09710216224194,0.0199430100619792,0.182757568359375,15.672659873962402,0.5896621346473694,840,0.2
9,0.6097339577972889,0.0021643657215463,35.094238391518594,0.01393205486238,0.155322265625,15.85336685180664,0.5749363601207733,850,0.2
9,0.6496210576966405,0.0027686413981427,41.92358547449112,0.020295575261116,0.167974853515625,20.4158935546875,0.5648026764392853,860,0.2
9,0.6646612621843815,0.0044786293452489,44.92392575144768,0.0148466695100069,0.162750244140625,22.53213119506836,0.5316746830940247,870,0.2
9,0.68020601272583,0.0015726433957752,41.89075490236282,0.0148357544094324,0.142181396484375,17.751239776611328,0.5347465872764587,880,0.2
9,0.7001635920256376,0.002651508541021,39.6300997287035,0.0138687789440155,0.146771240234375,17.94775390625,0.5634911060333252,890,0.2
9,0.7011050134897232,0.0031682044129411,42.67455957233906,0.0201057270169258,0.158990478515625,20.46394157409668,0.5689437985420227,900,0.2
9,0.712270369194448,0.0034422569475282,37.90911445915699,0.0120485741645097,0.161358642578125,23.831974029541016,0.5509099364280701,910,0.2
9,0.7230849768966436,0.0027347625567927,38.76926578581333,0.0176590047776699,0.178155517578125,23.066465377807617,0.5419645309448242,920,0.2
9,0.749641946144402,0.0020168532799289,38.58740561008453,0.0203230623155832,0.175872802734375,21.627126693725582,0.5564509928226471,930,0.2
9,0.7832727622240782,0.0022094364747317,36.14896963834762,0.0165579728782176,0.164447021484375,18.655969619750977,0.573819637298584,940,0.2
9,0.8076285919174552,0.0045202250941656,45.07256345450878,0.0234899818897247,0.16905517578125,21.139219284057617,0.5460023880004883,950,0.2
9,0.8377369072288274,0.0054136085404024,40.43398948907852,0.0161820705980062,0.17996826171875,18.853496551513672,0.5849120318889618,960,0.2
9,0.8220805652439594,0.0072372892012936,41.6812488347292,0.0203357860445976,0.2074951171875,19.741928100585938,0.5338890254497528,970,0.2
9,0.8424302484840155,0.004887781915022,38.88297829031944,0.0205007568001747,0.18006591796875,19.753856658935547,0.5699946880340576,980,0.2
9,0.8632631929591298,0.0057053621616432,38.90309223532677,0.0184284411370754,0.1927734375,20.526100158691406,0.5976601541042328,990,0.2
9,0.8658868700265885,0.0040459553572873,43.16090631186962,0.0219583101570606,0.17774658203125,22.940061569213867,0.5552089214324951,1000,0.2
9,0.8806198654696346,0.0050797993619198,43.099742111563685,0.0169149357825517,0.18453369140625,20.629281997680664,0.5582307875156403,1010,0.2
9,0.913582602329552,0.0024119516601786,43.97312899827957,0.0199262294918298,0.17603759765625,17.262025833129883,0.5476382076740265,1020,0.2
9,0.9398670822381974,0.0023461268287064,39.24749082326889,0.0171149354428052,0.16644287109375,20.276338577270508,0.5661312937736511,1030,0.2
9,0.944790486432612,0.00320974505521,42.72910095453263,0.0180153269320726,0.158056640625,22.50283432006836,0.5377313792705536,1040,0.2
9,0.9418011670932174,0.0087602842490014,42.4827722042799,0.0167633816599845,0.18883056640625,18.98579978942871,0.5503944158554077,1050,0.2
9,0.9609433494508266,0.0060704948424245,34.69141534268856,0.0194169878959655,0.17894287109375,16.786317825317383,0.5653304755687714,1060,0.2
9,0.9936285732313992,0.0052059474946872,36.61569998562336,0.0172377116978168,0.1788818359375,17.026460647583008,0.5561659038066864,1070,0.2
9,1.02718676738441,0.0043987914621538,36.18125903308392,0.02493841573596,0.18165283203125,18.701736450195312,0.5557214021682739,1080,0.2
9,1.0504166619852184,0.002979580804822,43.40444930791855,0.0158644877374172,0.162640380859375,22.513172149658203,0.5542610287666321,1090,0.2
9,1.0762192610651256,0.0048216849594609,41.70287565588952,0.0221631657332181,0.17841796875,19.22690391540528,0.5500037968158722,1100,0.2
9,1.1031974839046597,0.0050504822440416,38.04697488248348,0.026977801695466,0.1961181640625,18.90295791625977,0.5645050704479218,1110,0.2
9,1.122479304857552,0.0045736469164694,41.8509503364563,0.0223355628550052,0.182989501953125,19.49910926818848,0.5453470349311829,1120,0.2
9,1.138381866365671,0.0043465493370604,41.16365330815315,0.0157567448914051,0.168499755859375,24.211313247680664,0.557031124830246,1130,0.2
9,1.1469793912023305,0.0021620611441903,36.70037490427494,0.0225624553859233,0.169384765625,17.01156997680664,0.5862261354923248,1140,0.2
9,1.1721950814127922,0.0057239958499849,44.04666382670403,0.0264493487775325,0.19234619140625,20.85577964782715,0.5476802587509155,1150,0.2
9,1.189581087604165,0.0096167854313534,41.64695922136307,0.0231053456664085,0.22398681640625,26.11288833618164,0.5273114740848541,1160,0.2
9,1.2162833150476218,0.0074253378039429,40.29887623786927,0.0261746458709239,0.218646240234375,22.98798179626465,0.5355947017669678,1170,0.2
9,1.243961402028799,0.0057037439684791,40.81828767955303,0.021429032087326,0.183172607421875,17.093238830566406,0.5399511158466339,1180,0.2
9,1.2556643534451724,0.0040607353352243,38.62642495930195,0.0196473505347967,0.170404052734375,18.66371154785156,0.5478594899177551,1190,0.2
9,1.2569555308669806,0.0061053691653796,37.034243470430376,0.0189549624919891,0.198162841796875,19.448945999145508,0.5809513032436371,1200,0.2
9,1.2643312368541957,0.0062340348238649,37.59647016525268,0.0173442084342241,0.19517822265625,15.619091987609863,0.5486032366752625,1210,0.2
9,1.267273322120309,0.0061447291554941,40.793070712685584,0.0237342342734336,0.18900146484375,19.518463134765625,0.5594250559806824,1220,0.2
9,1.2720630422234536,0.0060512009938975,36.94158185422421,0.0305303763598203,0.20050048828125,16.44915771484375,0.55539271235466,1230,0.2
9,1.2850491251796483,0.0066222058405401,36.139530977606775,0.0213669463992118,0.2029052734375,17.134233474731445,0.5554851591587067,1240,0.2
9,1.307847125083208,0.0043886296145501,37.67649331092834,0.0234466921538114,0.18856201171875,24.814123153686523,0.5649868547916412,1250,0.2
9,1.3155868515372275,0.0068050215682887,36.66366782486439,0.0209486186504364,0.210198974609375,20.346967697143555,0.580095648765564,1260,0.2
9,1.3410312429070472,0.004801975711598,42.5628898024559,0.0203603655099868,0.178302001953125,20.424421310424805,0.5540222227573395,1270,0.2
9,1.3624792248010635,0.0066199356442666,34.38508887290955,0.0206044018268585,0.211285400390625,16.85124969482422,0.5922260582447052,1280,0.2
9,1.3792948368936775,0.0073676909698406,46.65869218707085,0.0352060012519359,0.206024169921875,23.81805992126465,0.5751467645168304,1290,0.2
9,1.397530747577548,0.0131584224494872,38.15014476180077,0.0412338301539421,0.238555908203125,17.542240142822266,0.5849972665309906,1300,0.2
9,1.4046388562768697,0.00718729061482,45.07225749194622,0.0184762235730886,0.21595458984375,20.352970123291016,0.5736424624919891,1310,0.2
9,1.426520248875022,0.0071356872675096,43.80649563074112,0.0250198021531105,0.215155029296875,22.2584171295166,0.5825601816177368,1320,0.2
9,1.4571179516613484,0.0069285339846828,44.577783825993535,0.0293735340237617,0.202008056640625,24.316104888916016,0.5531522333621979,1330,0.2
9,1.5086961776018142,0.007505150236102,43.48273659348488,0.0320574790239334,0.215289306640625,18.882673263549805,0.5638491213321686,1340,0.2
9,1.519551067426801,0.0072597620950546,42.39154798388481,0.0314169824123382,0.2164306640625,21.21139907836914,0.543974906206131,1350,0.2
9,1.5252816315740347,0.0103699893632438,34.07564349770546,0.0264552980661392,0.227044677734375,16.280719757080078,0.5539152920246124,1360,0.2
9,1.5494440730661154,0.0038457550414022,34.270789203047755,0.0234817713499069,0.17911376953125,16.25419044494629,0.5968937575817108,1370,0.2
9,1.5718525107949972,0.0054747158959798,40.183630087971686,0.0277092922478914,0.180474853515625,20.30194664001465,0.5501846969127655,1380,0.2
9,1.590388336032629,0.0058423819820745,36.848818534612654,0.030381703749299,0.19637451171875,18.74853134155273,0.5511389374732971,1390,0.2
9,1.58743338547647,0.0108056397693871,43.34213017523289,0.0277015790343284,0.21387939453125,21.79428482055664,0.5635912716388702,1400,0.2
9,1.6005271818488835,0.0111940012349805,44.007027900218965,0.0283161513507366,0.228411865234375,19.56760597229004,0.5219701528549194,1410,0.2
9,1.610041308775544,0.0112549661476805,40.50205101370811,0.0350632146000862,0.22327880859375,19.64981460571289,0.5439324676990509,1420,0.2
9,1.623128340020776,0.0066779069544281,33.76075794100761,0.0236495099961757,0.20208740234375,12.94094181060791,0.5796634256839752,1430,0.2
9,1.63565615080297,0.0069016537989227,40.6833540648222,0.0296000875532627,0.192962646484375,18.038902282714844,0.557985246181488,1440,0.2
9,1.644616174697876,0.0131034732854459,40.341329804062845,0.0265505015850067,0.226220703125,20.737693786621094,0.5484621524810791,1450,0.2
9,1.678429800271988,0.0059993438713718,42.95939082801342,0.0271506644785404,0.19454345703125,19.292211532592773,0.5480736494064331,1460,0.2
9,1.6833707183599471,0.0096278023156628,43.542140913009646,0.0318699441850185,0.19986572265625,21.20693588256836,0.53545743227005,1470,0.2
9,1.693561626598239,0.0107369395322166,40.87570866346359,0.027894090861082,0.218487548828125,18.68135452270508,0.5442882180213928,1480,0.2
9,1.681856171414256,0.011739478065283,41.07102135419846,0.1292108297348022,0.222283935546875,22.12627410888672,0.5027031898498535,1490,0.2
9,1.678482374176383,0.0203267556076752,41.459126725792885,0.0267103742808103,0.23363037109375,21.11785697937012,0.5435320436954498,1500,0.2
9,1.7054263576865196,0.0109439893880335,41.22068984508515,0.0190962832421064,0.215399169921875,18.49831771850586,0.5230916738510132,1510,0.2
9,1.7121822159737348,0.0067212151108833,42.25428102910519,0.0314756222069263,0.22322998046875,20.442665100097656,0.5091617405414581,1520,0.2
9,1.7281182564795017,0.0089770201724604,46.66942973136902,0.0287950951606035,0.2282958984375,21.21977996826172,0.5165702402591705,1530,0.2
9,1.7277384851127864,0.0080962282328982,53.65934389233589,0.0334862545132637,0.21473388671875,28.05245018005371,0.4802020788192749,1540,0.2
9,1.7535123832523822,0.0088107322339055,45.13192565739155,0.0230792835354805,0.2354248046875,24.317516326904297,0.5089345872402191,1550,0.2
9,1.765956649556756,0.0123900006256008,38.46209568083286,0.0459761247038841,0.2299560546875,18.43362045288086,0.5149276554584503,1560,0.2
9,1.7730269897729158,0.0116960343060782,42.770078998804095,0.0402094796299934,0.228399658203125,22.3362979888916,0.506956160068512,1570,0.2
9,1.7861309342086316,0.0045385118941339,43.45694715678692,0.0218625180423259,0.201531982421875,21.893882751464844,0.514522910118103,1580,0.2
9,1.7998801946640015,0.0062502212334948,45.00520072877407,0.0225829482078552,0.202685546875,24.92996406555176,0.5464523136615753,1590,0.2
9,1.8164643365889788,0.0057687723059643,49.61519560813904,0.0247209686785936,0.205255126953125,26.263044357299805,0.5003631412982941,1600,0.2
9,1.8235888447612525,0.0057594318815972,48.16180227994919,0.026785047724843,0.2071044921875,19.915058135986328,0.5078611075878143,1610,0.2
9,1.8469036392867568,0.0072848548745241,45.35145924091339,0.0341283306479454,0.2096435546875,24.96905517578125,0.528107613325119,1620,0.2
9,1.8531460501253605,0.0087193646737432,35.542274329066274,0.054309606552124,0.234857177734375,18.4643669128418,0.5278615653514862,1630,0.2
9,1.86224758848548,0.0090886808320647,37.83557098209858,0.0240316987037658,0.23238525390625,17.14876365661621,0.5555266737937927,1640,0.2
9,1.8839571084827185,0.00458429088103,39.61199415922165,0.0294055808335542,0.190240478515625,19.317249298095703,0.561150848865509,1650,0.2
9,1.901476540789008,0.0045164260613091,42.934327870607376,0.0199300050735473,0.189654541015625,20.78670120239257,0.5647554695606232,1660,0.2
9,1.917180385813117,0.0091233891605952,41.98891309201717,0.0248490236699581,0.217138671875,17.79529571533203,0.5649622082710266,1670,0.2
9,1.9191450722515584,0.0079003160251886,43.40262733399868,0.0302242394536733,0.195697021484375,22.55749893188477,0.5412071943283081,1680,0.2
9,1.9414864655584096,0.0065971594736765,40.81397393643856,0.0260868407785892,0.228997802734375,18.0939998626709,0.5866939127445221,1690,0.2
9,1.962595322355628,0.0057043271153816,39.534598314762114,0.0304729491472244,0.190875244140625,22.76444435119629,0.5827681422233582,1700,0.2
9,1.9638582058250904,0.0129055737277667,35.49111902415753,0.0354430042207241,0.249725341796875,17.393741607666016,0.5602459013462067,1710,0.2
9,1.987251641601324,0.0070914081483351,31.21614618897438,0.0394511371850967,0.21561279296875,19.561567306518555,0.5533453822135925,1720,0.2
9,2.002174691855908,0.0097441296224133,40.43314105272293,0.0312408581376075,0.203717041015625,20.909534454345703,0.5488651096820831,1730,0.2
9,2.0420505568385123,0.0098119711146864,39.54002720713616,0.0258546061813831,0.197979736328125,18.45224380493164,0.5552729070186615,1740,0.2
9,2.0628993097692727,0.0067880602167861,42.99235082566738,0.0332402884960174,0.207257080078125,25.68728256225586,0.5380274653434753,1750,0.2
9,2.0642321802675725,0.0111380023467063,42.91812919676304,0.0344679206609725,0.220733642578125,20.43687057495117,0.5441462993621826,1760,0.2
9,2.072918294742704,0.0086287898244336,41.92971315681935,0.0338012129068374,0.203216552734375,23.20795440673828,0.5267218351364136,1770,0.2
9,2.0961823757737874,0.0078118539873685,38.91837233901024,0.0265507195144891,0.21048583984375,14.852703094482422,0.559261828660965,1780,0.2
9,2.118437398597598,0.0082787072577048,40.086959201097486,0.0261175259947776,0.20626220703125,16.239696502685547,0.5625847578048706,1790,0.2
9,2.141905321180821,0.0068308949536003,39.952444332838056,0.023136980831623,0.1910400390625,13.078558921813965,0.5713095664978027,1800,0.2
9,2.165332469344139,0.0180908510839799,41.4782909989357,0.0285848975181579,0.247564697265625,19.1416015625,0.5359175503253937,1810,0.2
9,2.1537304863333704,0.0072326150693697,45.37378386855126,0.0274462681263685,0.201763916015625,27.71585464477539,0.5251991748809814,1820,0.2
9,2.1809644758701325,0.0121242838416947,50.69713652133942,0.0375864207744598,0.244287109375,28.80402565002441,0.5215010941028595,1830,0.2
9,2.191511454805732,0.0131753152672899,50.129720917344095,0.0353795439004898,0.23076171875,22.57869529724121,0.5285710990428925,1840,0.2
9,2.202650520950556,0.0097734696442785,47.00116672515869,0.042512621730566,0.218939208984375,23.1864013671875,0.5215166807174683,1850,0.2
9,2.1956905692815782,0.0121163888463343,49.53989269733429,0.0304319243878126,0.241693115234375,28.635501861572266,0.4976383447647095,1860,0.2
9,2.195872164145112,0.0109051402076147,48.50609322786331,0.0273474957793951,0.23271484375,26.6560173034668,0.4882701635360718,1870,0.2
9,2.211071711406112,0.0085890425172692,50.48615634441376,0.0328285098075866,0.235943603515625,22.36552619934082,0.5028285980224609,1880,0.2
9,2.221514530107379,0.0081403265816334,45.5240275144577,0.0263719614595174,0.21602783203125,23.61366271972656,0.5135180354118347,1890,0.2
9,2.2235561195760964,0.009921110569121,45.61083008348942,0.0316531881690025,0.22562255859375,24.01534843444824,0.5229503214359283,1900,0.2
9,2.2259361375123263,0.013194649799334,54.1441234767437,0.0364811047911644,0.22744140625,25.878143310546875,0.5197737812995911,1910,0.2
9,2.225780713558197,0.0078360455907386,51.1695711016655,0.033574391156435,0.213372802734375,29.10127830505371,0.5338630378246307,1920,0.2
9,2.240238354355097,0.011532485330099,49.21418565511704,0.0309867542237043,0.23486328125,28.04812431335449,0.510884702205658,1930,0.2
9,2.256530063226819,0.0104063002399925,50.19129363298416,0.0378871299326419,0.22401123046875,26.81030464172364,0.5147511661052704,1940,0.2
9,2.2695551380515098,0.006466107135202,51.37455497384072,0.0323723033070564,0.214739990234375,23.37715721130371,0.5061824321746826,1950,0.2
9,2.2804776009172203,0.0111309749700012,47.9919859111309,0.0353184901177883,0.22706298828125,21.717544555664062,0.5058253109455109,1960,0.2
9,2.287440653890372,0.0165733458445174,40.96157903373241,0.0335629172623157,0.258258056640625,20.483875274658203,0.5173607766628265,1970,0.2
9,2.2935162652283907,0.0086404922913061,45.60001514256,0.0366667918860912,0.236212158203125,21.073888778686523,0.5181181728839874,1980,0.2
9,2.292883076518774,0.0123586483976396,50.5920244038105,0.0321273878216743,0.23094482421875,26.17821884155273,0.4994823932647705,1990,0.2
9,2.3129039876163007,0.0122133490163832,50.81277313232422,0.0331834591925144,0.2240478515625,26.84380531311035,0.5020642876625061,2000,0.2
9,2.325727234780788,0.0913093364739325,46.69851082265377,0.0532888583838939,0.30257568359375,23.032873153686523,0.4984288811683655,2010,0.2
9,2.323712101578713,0.0057939870777772,48.13102935850621,0.0341265350580215,0.21605224609375,28.78276634216309,0.5143377482891083,2020,0.2
9,2.324850579723716,0.0127990888060594,49.59852260947228,0.0350542888045311,0.236053466796875,26.03657531738281,0.5212681591510773,2030,0.2
9,2.339398191124201,0.0083057843246933,48.61341153979301,0.0346207283437252,0.224951171875,20.734004974365234,0.5245579183101654,2040,0.2
9,2.357654982432723,0.0102457338929525,44.43013359606266,0.0390550270676612,0.24737548828125,19.492340087890625,0.5483755469322205,2050,0.2
9,2.377357291802764,0.0168522486557776,47.731626278162,0.0370363816618919,0.258770751953125,26.92669677734375,0.5269475281238556,2060,0.2
9,2.391434985771775,0.012438478358672,47.14955467581749,0.0367552563548088,0.23946533203125,19.42344284057617,0.548811674118042,2070,0.2
9,2.396702829003334,0.0151794998135301,54.993632352352144,0.0496797561645507,0.23377685546875,28.27630043029785,0.522126168012619,2080,0.2
9,2.392977399379015,0.0102595268581353,48.2885372042656,0.0289074480533599,0.24384765625,24.46306800842285,0.5275880694389343,2090,0.2
9,2.401638027280569,0.0107361569534987,48.64101295471191,0.0291343387216329,0.242755126953125,24.4435977935791,0.5069115459918976,2100,0.2
9,2.412194990739226,0.0133505013865942,46.255139398574826,0.0436059981584548,0.228564453125,26.20095634460449,0.5259160101413727,2110,0.2
9,2.421037735417485,0.0220538970701454,49.33975187540055,0.0380087345838546,0.28492431640625,26.375213623046875,0.50839763879776,2120,0.2
9,2.450358618795872,0.0100943752462626,47.83777186870575,0.1464543342590332,0.227838134765625,21.77762222290039,0.5217352509498596,2130,0.2
9,2.465044931694865,0.0144582454726332,50.16892551779747,0.0355750024318695,0.25870361328125,24.34732246398925,0.4928264021873474,2140,0.2
9,2.4697276033461093,0.0161251190853363,48.59739536046982,0.0374401062726974,0.26082763671875,22.939422607421875,0.5101443827152252,2150,0.2
9,2.4596480138599874,0.0209062736474152,48.62574563026429,0.0902241319417953,0.27733154296875,22.33948135375977,0.507203072309494,2160,0.2
9,2.45095284730196,0.0089343112151254,45.16647248268127,0.0317306146025657,0.2279541015625,21.399803161621094,0.5365976989269257,2170,0.2
9,2.4621193531900643,0.0171213653004087,49.21726503968239,0.0387066341936588,0.231396484375,23.90098762512207,0.5532475709915161,2180,0.2
9,2.461420525610447,0.0125066354616137,46.91109231710434,0.0478806905448436,0.264007568359375,23.064319610595703,0.5339098572731018,2190,0.2
9,2.4741800308227537,0.0128469398332526,42.61284624934196,0.039964061230421,0.240087890625,18.72021675109864,0.5478152632713318,2200,0.2
9,2.459790498763323,0.0191324374041869,44.74887512028217,0.0407106764614582,0.26146240234375,23.528955459594727,0.5285791158676147,2210,0.2
9,2.485395381227136,0.008846495526086,40.89985521137714,0.0350855588912963,0.210540771484375,16.0853214263916,0.5320248901844025,2220,0.2
9,2.479923609271645,0.0137376916849461,38.90683699250221,0.0422782376408577,0.25528564453125,13.958352088928224,0.5483335256576538,2230,0.2
9,2.4862827457487584,0.009410497873614,34.93995873630047,0.0299378652125597,0.238330078125,18.07542991638184,0.5529485940933228,2240,0.2
9,2.498643106222153,0.0186900024142232,34.74712423682213,0.107388436794281,0.25634765625,16.341957092285156,0.5455590486526489,2250,0.2
9,2.504338954761624,0.0087728905091353,35.505554240942004,0.0252276510000228,0.211004638671875,17.721141815185547,0.5449475646018982,2260,0.2
9,2.5118288282305,0.0395500152502791,42.41055164933205,0.5591230392456055,0.3072998046875,23.07270622253418,0.5425501465797424,2270,0.2
9,2.5272206496447325,0.022566873193864,33.31136684715748,0.1009110733866691,0.286212158203125,14.651744842529297,0.5492551922798157,2280,0.2
9,2.563452648371458,0.0137320976238697,36.00670315027237,0.041732408106327,0.24779052734375,20.713754653930664,0.5669682919979095,2290,0.2
9,2.585923616588116,0.0120745127809641,31.484226974844933,0.0445062145590782,0.25081787109375,15.242589950561523,0.5656444132328033,2300,0.2
9,2.6071419447660444,0.0118753080161695,37.21980580985546,0.0356864556670188,0.225823974609375,19.48065185546875,0.5917395949363708,2310,0.2
9,2.6141393832862376,0.0232906069202726,33.76359384953976,0.1573377549648285,0.28194580078125,16.20693016052246,0.5588992238044739,2320,0.2
9,2.610880233347416,0.0192525129670684,27.83280267119408,0.1436784863471985,0.261395263671875,15.280876159667969,0.5565736889839172,2330,0.2
9,2.6152717798948286,0.0233697224561183,27.20455746650696,0.0675615295767784,0.257611083984375,12.750651359558104,0.5918709933757782,2340,0.2
9,2.624161924794316,0.0205582872717059,30.266885298490525,0.0329712368547916,0.25308837890625,13.480488777160645,0.570032387971878,2350,0.2
9,2.6221784286201,0.0110620779316377,31.75469188094139,0.0291077550500631,0.223583984375,17.056344985961914,0.5695416033267975,2360,0.2
9,2.6347141824662685,0.0117005917705682,32.99452807307243,0.0341871380805969,0.2217529296875,19.72651100158692,0.5862747728824615,2370,0.2
9,2.6452323626726866,0.0227327729295211,31.426944380998613,0.1522009670734405,0.271868896484375,16.364933013916016,0.5644814968109131,2380,0.2
9,2.64189521484077,0.0136195656952622,32.23967753946781,0.072920486330986,0.2407958984375,18.52012252807617,0.5502011179924011,2390,0.2
9,2.64800428673625,0.0126925873435538,26.21712546348572,0.0373845323920249,0.232159423828125,11.587576866149902,0.5878565609455109,2400,0.2
9,2.652910045534372,0.0134355145477456,32.05301432013512,0.0350641086697578,0.226763916015625,16.114412307739258,0.5667448043823242,2410,0.2
9,2.6590780299156904,0.011008678995131,33.072452273964885,0.0372707620263099,0.220367431640625,20.53060913085937,0.573762834072113,2420,0.2
9,2.657009599357844,0.0143304433782759,32.77888637781143,0.0357290655374527,0.232977294921875,13.981205940246582,0.5753433108329773,2430,0.2
9,2.678125769644976,0.0115544405722175,26.480616560578348,0.0453880727291107,0.2378173828125,9.894818305969238,0.5822915434837341,2440,0.2
9,2.678546749800444,0.0272793209231167,35.9829711586237,0.1771975755691528,0.2562255859375,15.139117240905762,0.5769707560539246,2450,0.2
9,2.6838530622422696,0.0081323938924469,35.50180609226227,0.0396011099219322,0.223602294921875,15.876357078552246,0.555196225643158,2460,0.2
9,2.7075085405260326,0.0146062474912469,37.690050810575485,0.062779501080513,0.2372314453125,16.800785064697266,0.555661678314209,2470,0.2
9,2.7072145737707616,0.0168698984140064,32.828072702884675,0.1526825428009033,0.25086669921875,13.55632781982422,0.5437378287315369,2480,0.2
9,2.7280083674937488,0.0208377766226476,36.82849542498589,0.125737726688385,0.23499755859375,18.5662784576416,0.5531400740146637,2490,0.2
9,2.740939549356699,0.011343028563715,34.998799306154254,0.0501514598727226,0.220074462890625,20.631959915161133,0.5340608060359955,2500,0.2
9,2.7327456936240195,0.0171594433530117,36.85809262990952,0.0342252478003501,0.2351806640625,21.06903076171875,0.5424718856811523,2510,0.2
9,2.749293051287532,0.0109277980060142,38.74068880975246,0.0415861383080482,0.2124755859375,21.69500160217285,0.5578301846981049,2520,0.2
9,2.7664218746125697,0.0254921553932945,34.127795124053954,0.0807466655969619,0.281890869140625,20.29589462280273,0.5220665633678436,2530,0.2
9,2.771974927932024,0.0108235649495327,33.653706279397014,0.0406556278467178,0.233758544921875,13.979191780090332,0.5591968297958374,2540,0.2
9,2.7694607604295016,0.0230849813186068,35.49520819485188,0.0556184835731983,0.231585693359375,14.435725212097168,0.5245459079742432,2550,0.2
9,2.797165835648775,0.0162405576869787,34.749775633215904,0.1153235882520675,0.230010986328125,19.277347564697266,0.5412386059761047,2560,0.2
9,2.8228811983019115,0.0208262358850333,33.12384617328644,0.0754201263189315,0.270123291015625,15.33499240875244,0.5560154914855957,2570,0.2
9,2.821356001123786,0.0238968855926941,31.850703784823416,0.1037265211343765,0.25753173828125,17.051549911499023,0.5363525450229645,2580,0.2
9,2.83435553945601,0.0139348198012157,37.99470084309578,0.166643738746643,0.250384521484375,21.177623748779297,0.5349595844745636,2590,0.2
9,2.851462882757187,0.012807292315847,35.9792742729187,0.036982487887144,0.226409912109375,14.46899127960205,0.551470547914505,2600,0.2
9,2.860827460512519,0.0113366642919572,35.065148362517355,0.055301196873188,0.243072509765625,16.773569107055664,0.5358134806156158,2610,0.2
9,2.8676573440432547,0.0102559493570879,32.6267163425684,0.0352269895374774,0.24141845703125,19.21003532409668,0.5450609028339386,2620,0.2
9,2.883618176728487,0.0155099026917014,37.59137705564499,0.0825563818216323,0.243756103515625,18.33618354797364,0.5526791214942932,2630,0.2
9,2.8925452437251806,0.0146874763326195,32.34963044822216,0.0381631404161453,0.24840087890625,13.504105567932127,0.5448215007781982,2640,0.2
9,2.8987788315862417,0.0178025741501187,35.96597054004669,0.0716656446456909,0.2634033203125,16.376449584960938,0.5229011476039886,2650,0.2
9,2.910091564431786,0.0069200545272906,36.08062637150287,0.0280017741024494,0.21185302734375,16.609333038330078,0.5345771312713623,2660,0.2
9,2.905127714574337,0.0144520967762218,39.133147075772285,0.0398725606501102,0.248297119140625,18.004854202270508,0.5435819327831268,2670,0.2
9,2.9131794575601817,0.0112372220573888,35.170527157187465,0.0374141708016395,0.232537841796875,18.1589298248291,0.5391839742660522,2680,0.2
9,2.925316408276558,0.0165991933652549,36.90961744487286,0.0857178419828414,0.25799560546875,17.593975067138672,0.5384536683559418,2690,0.2
9,2.934145410731434,0.0115379734190355,38.96963158249855,0.07749854773283,0.2416259765625,18.62069129943848,0.555520623922348,2700,0.2
9,2.9393173083662987,0.0131885583308758,41.00245920717716,0.0449564419686794,0.238775634765625,18.761215209960938,0.5447151064872742,2710,0.2
9,2.959220939874649,0.0121743486499326,39.58321187198162,0.0367044322192668,0.241070556640625,21.61784172058105,0.543096125125885,2720,0.2
9,2.962324044108391,0.016717056082416,33.7318717777729,0.0712511092424392,0.267950439453125,17.441476821899414,0.5181655883789062,2730,0.2
9,2.9703854329884054,0.0095547595825337,34.76058944165707,0.0459716506302356,0.239251708984375,15.973821640014648,0.5276102125644684,2740,0.2
9,2.975553310662508,0.0117100545896391,33.60323265194893,0.0382260829210281,0.240863037109375,17.36139488220215,0.5648863613605499,2750,0.2
9,2.9773358654230835,0.0135941851141979,38.11714020967484,0.0498196557164192,0.227056884765625,22.11882781982422,0.5216977894306183,2760,0.2
9,2.9681491695344446,0.0156945775550411,40.01806032061577,0.0643707886338234,0.248004150390625,18.606143951416016,0.5200816094875336,2770,0.2
9,2.976199546456337,0.0148014415102807,37.69866054058075,0.0515774115920066,0.235577392578125,16.32134437561035,0.5220292210578918,2780,0.2
9,2.986576357483864,0.0117620475721196,33.06418125033379,0.0641093850135803,0.234100341796875,15.843798637390137,0.5464160740375519,2790,0.2
9,2.985202483832836,0.0127453278582834,35.0725113004446,0.0577894747257232,0.245404052734375,16.263530731201172,0.5499451458454132,2800,0.2
9,3.0024298552423714,0.0168622897970635,33.76258470118046,0.0542130470275878,0.255377197265625,19.08572578430176,0.5557867586612701,2810,0.2
9,3.023405537009239,0.021631894881284,38.521861371397975,0.2541195154190063,0.27633056640625,19.24637985229492,0.5164106786251068,2820,0.2
9,3.026769610121846,0.0138589132504421,35.485237944126126,0.0487402454018592,0.25399169921875,17.03645133972168,0.5344747304916382,2830,0.2
9,3.0410820584744216,0.0136530372132256,36.22484026253223,0.0722019970417022,0.25771484375,18.30948638916016,0.5470816493034363,2840,0.2
9,3.062949342653156,0.0102084039368492,42.38193652033806,0.0363006144762039,0.22606201171875,21.31356430053711,0.543505996465683,2850,0.2
9,3.0663034416735173,0.0205569412275508,38.15848903357983,0.1364487558603286,0.26873779296875,18.40560340881348,0.552548885345459,2860,0.2
9,3.077411510050297,0.0136396623616747,37.564026647806166,0.0960859730839729,0.24588623046875,19.692005157470703,0.5467254221439362,2870,0.2
9,3.067000651359558,0.0307700020966876,42.2780186444521,0.0988274067640304,0.285223388671875,23.18423652648925,0.5413929224014282,2880,0.2
9,3.067262825742364,0.015500316357793,38.22303476035595,0.0798701420426368,0.2684326171875,24.373409271240234,0.5343951880931854,2890,0.2
9,3.062668630108237,0.0122570558836741,38.79280956983566,0.0393022075295448,0.247894287109375,16.197607040405273,0.5061622262001038,2900,0.2
9,3.0437151875346897,0.0158788057291531,37.53332844078541,0.0518567487597465,0.24825439453125,19.09335708618164,0.5092479884624481,2910,0.2
9,3.057257683202624,0.0125461864481621,35.83189669549465,0.0406642779707908,0.2251220703125,20.03225517272949,0.5302612781524658,2920,0.2
9,3.063887717202306,0.014707523105244,39.85600718259811,0.0555261150002479,0.246142578125,17.49016571044922,0.5387680530548096,2930,0.2
9,3.074732821062207,0.0214007686008699,46.20712683498859,0.0836875438690185,0.253076171875,25.409564971923828,0.5127531886100769,2940,0.2
9,3.0980746947228908,0.0124335822860302,44.576416951417926,0.0380925089120864,0.242059326171875,21.76675033569336,0.5241588056087494,2950,0.2
9,3.1140575747936965,0.0130870073517144,44.84427431821823,0.0423159711062908,0.25396728515625,24.79111862182617,0.5163370370864868,2960,0.2
9,3.099595929309726,0.0182650697028293,45.08478099405765,0.0904363691806793,0.24525146484375,18.08186912536621,0.5201076865196228,2970,0.2
9,3.0891190078109503,0.0115071628264558,45.48841915726662,0.0421223156154155,0.246728515625,21.92527961730957,0.5122409164905548,2980,0.2
9,3.0934075050055982,0.0159418467243085,39.276895293593405,0.0634927004575729,0.269378662109375,17.983606338500977,0.515523225069046,2990,0.2
9,3.0915737841278315,0.0237360779494338,41.1389159411192,0.0664784535765647,0.2769775390625,24.48037910461425,0.5219537615776062,3000,0.2
9,3.1036229968070983,0.0179855980270076,42.82378228008747,0.0454725660383701,0.2564208984375,22.54374885559082,0.5525922775268555,3010,0.2
9,3.113358026742936,0.0138448370475089,42.7294848293066,0.0432403944432735,0.23369140625,20.843786239624023,0.5407534241676331,3020,0.2
9,3.1350969526916743,0.0131519469330669,38.538198453187945,0.0418506786227226,0.258306884765625,20.69487190246582,0.5591170191764832,3030,0.2
9,3.134168912097812,0.0112369912945723,43.70034259557724,0.0570897758007049,0.233990478515625,20.90498352050781,0.5218880474567413,3040,0.2
9,3.142243421450257,0.0131036955448507,42.53219209313393,0.0558166354894638,0.249688720703125,21.979480743408203,0.4998864531517029,3050,0.2
9,3.1401594668626784,0.0135079278923512,41.118643906712535,0.0617993995547294,0.25888671875,24.89938163757324,0.5088426470756531,3060,0.2
9,3.14423157311976,0.0157412415646831,39.4244853079319,0.0678614452481269,0.23699951171875,15.5332670211792,0.5316941142082214,3070,0.2
9,3.139903200790286,0.0123444008262595,38.11576486825943,0.0340478643774986,0.244940185546875,20.96394920349121,0.5552874207496643,3080,0.2
9,3.138558940961957,0.0151571865404548,38.07337243258953,0.2294912040233612,0.256121826171875,17.640880584716797,0.5194133520126343,3090,0.2
9,3.1616851314902306,0.0117256579047534,35.309445610642435,0.0432354733347892,0.2294677734375,17.284683227539062,0.5731178224086761,3100,0.2
9,3.1710000175982715,0.0113137714903132,37.28023665547371,0.0460800006985664,0.2190185546875,16.52920150756836,0.5638132989406586,3110,0.2
9,3.1760759714990856,0.0152545145028852,35.117963856458665,0.0561744198203086,0.247479248046875,18.25767135620117,0.559162974357605,3120,0.2
9,3.167047211900353,0.0189422153678606,39.34972868263721,0.0713254883885383,0.264556884765625,18.56688690185547,0.5346064269542694,3130,0.2
9,3.174795262888074,0.0152966850120719,38.633974531292914,0.035897996276617,0.237579345703125,19.68127822875977,0.5468173623085022,3140,0.2
9,3.1866431344300508,0.0158738875303242,43.720207101106645,0.0480388514697551,0.24598388671875,25.114511489868164,0.5528025329113007,3150,0.2
9,3.1785545352846385,0.0114734303293516,40.13138134777546,0.0519231036305427,0.236541748046875,19.095888137817383,0.5425864458084106,3160,0.2
9,3.185371258482337,0.018972200727876,45.03167897462845,0.0598829202353954,0.26927490234375,23.51708984375,0.531493753194809,3170,0.2
9,3.2037399645894764,0.0120033280683856,43.73446875810623,0.0439451783895492,0.23326416015625,22.47052574157715,0.5414546728134155,3180,0.2
9,3.2048087805509566,0.013859003552352,38.72672325372696,0.0508202835917472,0.2575927734375,16.941007614135742,0.5477809011936188,3190,0.2
9,3.2148549791425465,0.0179734566634579,43.89349081516266,0.0874059125781059,0.2545654296875,26.25602912902832,0.5658051371574402,3200,0.2
9,3.2055243879556654,0.0114863546008564,41.682446509599686,0.0385951250791549,0.23414306640625,17.943017959594727,0.5272464156150818,3210,0.2
9,3.207613418996334,0.0150882758760417,45.19599182605744,0.278494656085968,0.243865966796875,18.290809631347656,0.5253850221633911,3220,0.2
9,3.1911866419017314,0.0210469175668549,47.23359397649765,0.0447374209761619,0.2532470703125,23.844669342041016,0.5219453573226929,3230,0.2
9,3.204766318947077,0.0092458503611851,43.91920382082462,0.0378882251679897,0.225543212890625,18.39164161682129,0.5253981649875641,3240,0.2
9,3.2201677337288857,0.0135700535422074,43.44841953516006,0.0460452549159526,0.255517578125,18.682836532592773,0.5498563051223755,3250,0.2
9,3.2264352634549143,0.0152497889168444,44.24126127064228,0.0578545629978179,0.2532470703125,19.719459533691406,0.5342319011688232,3260,0.2
9,3.230171312019229,0.0193228386502596,49.55748385190964,0.0565362721681594,0.265887451171875,27.247053146362305,0.5268782079219818,3270,0.2
9,3.2267518527805805,0.0231095250681391,41.10365569293499,0.3663434088230133,0.247454833984375,22.78683280944824,0.5271301567554474,3280,0.2
9,3.2382941570132973,0.0140523564630711,42.47367666363717,0.0329206921160221,0.2484619140625,25.777076721191406,0.5223002731800079,3290,0.2
9,3.2323451027274133,0.0168107699813845,44.03287057280541,0.0380609035491943,0.250250244140625,21.21297073364257,0.5353577136993408,3300,0.2
9,3.250511972606182,0.0057105378866253,42.8325354129076,0.0289158970117568,0.21251220703125,16.693422317504883,0.5242376625537872,3310,0.2
9,3.269162415713072,0.0154355055245105,43.36195034682751,0.0431123152375221,0.243603515625,16.990217208862305,0.5301335155963898,3320,0.2
9,3.2679182451218365,0.0150594831218768,49.40063124895096,0.0548625625669956,0.247503662109375,21.78082275390625,0.4813128709793091,3330,0.2
9,3.2652192663401367,0.0147455510566942,42.51358882188797,0.0899872183799743,0.24500732421875,26.45642471313477,0.5238436758518219,3340,0.2
9,3.2746285416185854,0.0100501626300683,41.45493576824665,0.0354865230619907,0.239251708984375,19.14437866210937,0.5191666483879089,3350,0.2
9,3.28314354903996,0.0137062844827596,46.17771349549294,0.0784173160791397,0.23662109375,25.177833557128903,0.5277364253997803,3360,0.2
9,3.290194173902273,0.0123563162349455,41.080993980169296,0.0584295392036438,0.242138671875,20.03371810913086,0.5083556771278381,3370,0.2
9,3.301991637796164,0.0099382912521832,44.90065479874611,0.0369936190545558,0.231646728515625,17.257898330688477,0.5570351183414459,3380,0.2
9,3.2951810512691737,0.0094595843649585,47.69358965456486,0.0430874973535537,0.22230224609375,23.66721534729004,0.5503899455070496,3390,0.2
9,3.302143186330796,0.013884160456655,41.473609012365344,0.0612665563821792,0.262152099609375,18.09687042236328,0.5108371376991272,3400,0.2
9,3.317159753292799,0.0115216333848366,44.41477449536323,0.0529664754867553,0.230364990234375,24.485445022583008,0.5250725448131561,3410,0.2
9,3.3278222542256115,0.0114504255383508,40.46419765949249,0.0352254956960678,0.243359375,19.033035278320312,0.5282304883003235,3420,0.2
9,3.3269987534731627,0.0111114032486511,40.38814293146133,0.0802281200885772,0.249505615234375,16.290895462036133,0.5454485714435577,3430,0.2
9,3.344679563865065,0.0108770856364571,41.1479517608881,0.0467371270060539,0.233880615234375,20.06635475158692,0.5410284996032715,3440,0.2
9,3.3381964556872843,0.0174216791565413,42.90401307344437,0.2735545635223388,0.272381591796875,25.902523040771484,0.5348424315452576,3450,0.2
9,3.341464101150632,0.0193455018415988,42.792283445596695,0.2014788836240768,0.2698974609375,19.7235164642334,0.5254349112510681,3460,0.2
9,3.355858247727156,0.0160897757625207,48.86821718215943,0.1152956560254097,0.23831787109375,25.36786460876465,0.5221135914325714,3470,0.2
9,3.3720955893397333,0.0115634009511268,44.81688777208328,0.044001217931509,0.221697998046875,23.66825294494629,0.5188120305538177,3480,0.2
9,3.3781480599194764,0.0167271766986232,41.56170561909676,0.1810503602027893,0.239154052734375,19.97784423828125,0.5164150595664978,3490,0.2
9,3.3881045687943696,0.0145933707513904,43.05461768209934,0.0544810853898525,0.26146240234375,21.635818481445312,0.5310149490833282,3500,0.2
9,3.406540196761489,0.008915478963172,46.76234030127525,0.0342222526669502,0.23546142578125,29.45886993408203,0.5269427299499512,3510,0.2
9,3.422586604207754,0.0118491061875829,47.34733657836914,0.0525860115885734,0.24200439453125,21.44268035888672,0.4979348182678222,3520,0.2
9,3.420084577798844,0.0161854687990853,46.39411645829678,0.056644469499588,0.25548095703125,21.06972312927246,0.513264387845993,3530,0.2
9,3.436003033444285,0.0131427399745007,51.704673326015474,0.0835942476987838,0.252935791015625,23.764537811279297,0.5063179135322571,3540,0.2
9,3.4446263171732427,0.0121196282547316,54.977570897340776,0.0456230789422988,0.24737548828125,27.98983383178711,0.4784558415412903,3550,0.2
9,3.452555504441261,0.015867959728348,57.4405351638794,0.0753795951604843,0.271783447265625,24.80438995361328,0.5131361782550812,3560,0.2
9,3.4691827300935985,0.0205863562980084,52.04561292529106,0.0726978629827499,0.292242431640625,20.91424369812012,0.4960389733314514,3570,0.2
9,3.485583756864071,0.0163890230236575,51.9085317671299,0.0687026008963584,0.26884765625,21.31708526611328,0.5128271579742432,3580,0.2
9,3.4815796978771685,0.0166375296706974,50.956492602825165,0.5612753629684448,0.267803955078125,25.67037582397461,0.4877821803092956,3590,0.2
9,3.496259119734168,0.0214579323437646,44.99043007194996,0.1678339838981628,0.28665771484375,18.977672576904297,0.5032669901847839,3600,0.2
9,3.508137919008732,0.0156489318258536,45.771216621994974,0.0741688013076782,0.2697509765625,28.59820556640625,0.4766631126403808,3610,0.2
9,3.526625250279904,0.013729522460926,43.2122499614954,0.0560445971786975,0.275665283203125,21.64534568786621,0.5456843674182892,3620,0.2
9,3.537371253222227,0.0161769854159501,43.4054872572422,0.053359929472208,0.264013671875,19.03903007507324,0.5414811372756958,3630,0.2
9,3.536099342629313,0.0207682150699838,40.19566009044648,0.1127970814704895,0.2672119140625,17.59090232849121,0.5315008759498596,3640,0.2
9,3.550785356014967,0.0152539830494788,46.34189886450768,0.0767697393894195,0.2540283203125,24.74176979064941,0.5494225919246674,3650,0.2
9,3.563362305611372,0.0130722532023355,41.79798457622528,0.0673356056213378,0.261798095703125,20.204235076904297,0.5870674848556519,3660,0.2
9,3.57548198401928,0.0184185095997236,51.48769788742065,0.0878480821847915,0.274755859375,27.65623664855957,0.5083480477333069,3670,0.2
9,3.5795349191874264,0.0153669771934801,41.77443570494652,0.0785877779126167,0.2671142578125,15.726713180541992,0.5080207586288452,3680,0.2
9,3.580618081986904,0.0161786284264962,41.104417622089386,0.068187192082405,0.277825927734375,19.17048454284668,0.5270507335662842,3690,0.2
9,3.5879873994737865,0.0131482242781203,41.64072216153145,0.0556239634752273,0.26710205078125,18.281293869018555,0.5540018081665039,3700,0.2
9,3.59458316937089,0.0118040764431498,44.43131926953792,0.0678428784012794,0.252825927734375,26.10228538513184,0.5834022760391235,3710,0.2
9,3.602403154224157,0.0141210453453823,46.1176704287529,0.0518892332911491,0.2533935546875,16.721529006958008,0.5832644104957581,3720,0.2
9,3.5888336725533008,0.0128372357557964,42.01369198858738,0.056172389537096,0.252972412109375,21.3378849029541,0.5809527039527893,3730,0.2
9,3.5938617419451475,0.0239019684122467,44.1829335719347,0.0929162502288818,0.2993408203125,23.753734588623047,0.5516828298568726,3740,0.2
9,3.6096238251775503,0.0148629679089935,37.91853027045727,0.0390081107616424,0.29180908203125,15.059298515319824,0.5522980093955994,3750,0.2
9,3.62534892372787,0.0148702045364188,45.97167332470417,0.0406850166618824,0.271990966796875,30.78116226196289,0.5532826781272888,3760,0.2
9,3.6298238944262256,0.0141912829698412,43.04857587814331,0.0772997066378593,0.25816650390625,21.304946899414062,0.5312242805957794,3770,0.2
9,3.6259866271168,0.0162808305456565,42.49229637682438,0.0982081741094589,0.269580078125,19.440967559814453,0.5295528769493103,3780,0.2
9,3.6245397828519343,0.0164471237912948,39.175349581241605,0.1186292767524719,0.284686279296875,21.558666229248047,0.549262523651123,3790,0.2
9,3.6406824626028538,0.0141489788595208,43.20196834802628,0.144218772649765,0.25330810546875,22.275606155395508,0.5551013648509979,3800,0.2
9,3.635824752599001,0.0147535179166879,38.140766656398775,0.0848496854305267,0.27978515625,16.300331115722656,0.5398646593093872,3810,0.2
9,3.658175397291779,0.0211829133586434,39.554041624069214,0.0709230974316597,0.28482666015625,20.2885684967041,0.5487351715564728,3820,0.2
9,3.669887167587876,0.0170764827751554,40.829987418651584,0.0895408242940902,0.275653076171875,17.541473388671875,0.5358580648899078,3830,0.2
9,3.6753007281571626,0.0143238447359181,43.62753181159496,0.0569252520799636,0.266143798828125,23.46797752380371,0.5504331290721893,3840,0.2
9,3.672757668420672,0.0132237137357151,44.73677835166454,0.0463367402553558,0.248468017578125,19.752979278564453,0.5229960680007935,3850,0.2
9,3.688468322902918,0.0150288325188739,48.27498087286949,0.0725344866514206,0.252783203125,31.23909950256348,0.5445769131183624,3860,0.2
9,3.680135052651167,0.0228670860633428,45.43773723840714,0.0614083483815193,0.307421875,22.72659111022949,0.5362060964107513,3870,0.2
9,3.6845569130033256,0.0167643445398425,44.07001114487648,0.071474514901638,0.268035888671875,24.632274627685547,0.5264837443828583,3880,0.2
9,3.678562363609672,0.0184176267041038,42.96285554468632,0.0384534746408462,0.2580322265625,20.60979080200196,0.525721549987793,3890,0.2
9,3.7017249934375287,0.0163034654069633,46.290139067173,0.0530261397361755,0.2845947265625,23.76000595092773,0.5144333839416504,3900,0.2
9,3.70656895712018,0.0188250061677536,43.877953538298605,0.0848413854837417,0.287725830078125,21.36927795410156,0.522037923336029,3910,0.2
9,3.719029013067484,0.0147574262089619,49.29675381183624,0.1558454036712646,0.255224609375,25.05014038085937,0.5085156857967377,3920,0.2
9,3.7167808793485166,0.0172049841945408,49.26305307745933,0.1634944379329681,0.269989013671875,24.84580612182617,0.5135676562786102,3930,0.2
9,3.707701040804386,0.0298700710722187,43.9175291210413,0.0733828842639923,0.314483642578125,25.97183418273925,0.5033178329467773,3940,0.2
9,3.703036892414093,0.0244013905336032,46.52420563995838,0.0563126951456069,0.280902099609375,20.2978572845459,0.5089993476867676,3950,0.2
9,3.698543866723776,0.0295046455350529,45.33338043093681,0.061929628252983,0.308770751953125,21.32627868652344,0.4910190105438232,3960,0.2
9,3.688009908795357,0.015056913682929,41.41290855407715,0.0427601635456085,0.25592041015625,19.022857666015625,0.4950155019760132,3970,0.2
9,3.68179331459105,0.042405349240289,46.94830366373062,0.1337143182754516,0.29649658203125,25.54037475585937,0.5060866475105286,3980,0.2
9,3.670704105496408,0.0176002528161916,42.58888114988804,0.0597545281052589,0.247412109375,19.82819366455078,0.508648157119751,3990,0.2
9,3.686614155396819,0.0140887054927588,39.98796309232712,0.0373787805438041,0.253631591796875,18.116872787475582,0.5245542228221893,4000,0.2
9,3.690825898945332,0.0259398637819685,44.07957128584385,0.054981205612421,0.2837890625,18.3802490234375,0.5111886560916901,4010,0.2
9,3.687548916041851,0.0361273822818475,36.96550344526768,0.2534263134002685,0.3080322265625,16.6732177734375,0.5047089457511902,4020,0.2
9,3.690714892372489,0.0122408564187935,40.13186796605587,0.0612679570913314,0.237603759765625,18.808961868286133,0.501555472612381,4030,0.2
9,3.6868331249803306,0.0227052143069158,33.54198997020721,0.0779153332114219,0.294970703125,16.953067779541016,0.5302551686763763,4040,0.2
9,3.673359816521406,0.0197236533087561,34.54123555421829,0.0433630347251892,0.278448486328125,15.110044479370115,0.5360045433044434,4050,0.2
9,3.659307007864117,0.0239011104458768,35.29579445719719,0.17678764462471,0.269964599609375,15.034085273742676,0.5388084948062897,4060,0.2
9,3.647464055940509,0.0152696696201019,39.02752215266228,0.0787502527236938,0.255096435546875,21.718202590942383,0.506450742483139,4070,0.2
9,3.6505764827132223,0.0199623490887461,37.14697854816914,0.0568257048726081,0.263427734375,24.01375961303711,0.5222024619579315,4080,0.2
9,3.658461213484407,0.0395137475265073,39.07764001786709,0.1701813638210296,0.297711181640625,17.245685577392578,0.5010160803794861,4090,0.2
9,3.6683659836649896,0.0173658949781383,35.04056062400341,0.0596547350287437,0.26165771484375,14.893200874328612,0.542833536863327,4100,0.2
9,3.685629355162382,0.0286593300254025,33.080923607945444,0.0896030217409133,0.294903564453125,16.76374626159668,0.5249515771865845,4110,0.2
9,3.700248499587178,0.012062479252927,32.05332703590393,0.0411476492881774,0.230975341796875,12.083012580871582,0.5387153029441833,4120,0.2
9,3.710867983847856,0.0177532425885146,31.111419746279715,0.0493968427181243,0.256396484375,16.012907028198242,0.562226802110672,4130,0.2
9,3.721298206970096,0.0376476148630899,39.1595258295536,0.2856135666370392,0.313311767578125,15.845582962036133,0.5227680802345276,4140,0.2
9,3.720619668439032,0.033974347563344,34.945490065217015,0.1575087010860443,0.296453857421875,19.70347213745117,0.5476810038089752,4150,0.2
9,3.7400446586310863,0.0156903128154226,37.69164723157883,0.0437183231115341,0.251416015625,16.860628128051758,0.5325686037540436,4160,0.2
9,3.7279549460858106,0.0144680418336065,35.726231527328494,0.0394139513373374,0.247674560546875,16.44678497314453,0.5084972977638245,4170,0.2
9,3.719610619172454,0.0158564295074029,33.45325218141079,0.0405781827867031,0.249957275390625,15.020113945007324,0.555247575044632,4180,0.2
9,3.7177494086325167,0.0202645646917517,40.055353972315785,0.0560312904417514,0.260321044921875,17.604421615600586,0.5005738437175751,4190,0.2
9,3.713127401098609,0.0166887431470968,33.01249325871468,0.0427855029702186,0.2644775390625,14.758221626281738,0.5258467793464661,4200,0.2
9,3.7213951792567967,0.0147115283485618,36.75505183041096,0.0432189330458641,0.25167236328125,18.010751724243164,0.5022578239440918,4210,0.2
9,3.738816814124584,0.0172223279358149,36.61511770486832,0.0394323840737342,0.267584228515625,18.70747756958008,0.5176866352558136,4220,0.2
9,3.750806736201048,0.0595292331716336,40.49907193481922,0.1826827973127365,0.266375732421875,16.4533748626709,0.5095046758651733,4230,0.2
9,3.7555858980864287,0.0137112625059671,40.14487020969391,0.0551376268267631,0.255224609375,16.119712829589844,0.462735652923584,4240,0.2
9,3.7548699617385854,0.0134956788206181,36.33634611964226,0.0458060428500175,0.254010009765625,16.059906005859375,0.4944563508033752,4250,0.2
9,3.763934851065278,0.0158704985133226,39.87328343689442,0.052678644657135,0.278204345703125,20.05803298950196,0.5239198207855225,4260,0.2
9,3.776258822157979,0.0297058015064976,41.00165596604347,0.1470597982406616,0.30101318359375,24.13715362548828,0.5053833425045013,4270,0.2
9,3.797318182885647,0.0168151783091161,38.04357033669949,0.1289108544588089,0.280377197265625,19.77326393127441,0.513744056224823,4280,0.2
9,3.790777795761824,0.0167947608781105,40.888951966166495,0.1720844209194183,0.2635986328125,18.00601577758789,0.4835743308067322,4290,0.2
9,3.764782555401325,0.0180223285591637,35.85643637478351,0.0522368028759956,0.2684326171875,17.208187103271484,0.5149511694908142,4300,0.2
9,3.7556976553052666,0.0236315130598086,32.355109214782715,0.1569295674562454,0.282135009765625,15.769625663757324,0.5157265067100525,4310,0.2
9,3.789735823497176,0.0136723042865924,39.127718704938886,0.0337695926427841,0.24449462890625,18.904277801513672,0.5043350160121918,4320,0.2
9,3.8074116729199887,0.0109655900785583,34.75746796429157,0.0273282900452613,0.2456787109375,17.721450805664062,0.5125229060649872,4330,0.2
9,3.81110020428896,0.0198523559069144,33.48863694369793,0.0688657537102699,0.279449462890625,14.588852882385254,0.4987615346908569,4340,0.2
9,3.830381350964308,0.014349439729267,37.97839983403683,0.0390726886689662,0.2569091796875,17.786563873291016,0.5007341504096985,4350,0.2
9,3.828491166234016,0.0132239427723106,34.68971537351608,0.0450167208909988,0.267498779296875,14.834230422973633,0.5021292865276337,4360,0.2
9,3.8410007886588575,0.0128126410301774,38.97007856070995,0.0609332062304019,0.238641357421875,17.45377540588379,0.4671466946601867,4370,0.2
9,3.858885449916124,0.0155540778840077,28.421910938620567,0.0544172562658786,0.2617431640625,15.796259880065918,0.5204078257083893,4380,0.2
9,3.868167600035668,0.0127278723135532,34.04546517431736,0.0332942083477973,0.236065673828125,14.702397346496582,0.5136447250843048,4390,0.2
9,3.863356760889292,0.0151771026947244,35.70313679277897,0.0358082316815853,0.2646240234375,17.64107322692871,0.5160437226295471,4400,0.2
9,3.860600633174181,0.0150063946668524,33.94918981790543,0.0429819375276565,0.24644775390625,17.351301193237305,0.5028998553752899,4410,0.2
9,3.872082905471325,0.0290009189600823,35.75164464712143,0.1703502535820007,0.292352294921875,16.296340942382812,0.5273070931434631,4420,0.2
9,3.884278731048107,0.0162086389245814,36.04992302954197,0.0469363182783126,0.252703857421875,19.95636558532715,0.5150534510612488,4430,0.2
9,3.898058482259512,0.0131940833482076,43.88785947263241,0.0395454689860343,0.249261474609375,19.478710174560547,0.4953188896179199,4440,0.2
9,3.890991083532572,0.0260818030037626,45.62537240087986,0.1523025631904602,0.283502197265625,19.3203067779541,0.4904385209083557,4450,0.2
9,3.91976196244359,0.0151952376094413,41.89235388636589,0.0563899241387844,0.2774169921875,19.3503475189209,0.487341821193695,4460,0.2
9,3.9262420758605,0.0135362319579144,41.391747534275055,0.0375890657305717,0.26181640625,18.66376304626465,0.4920929670333862,4470,0.2
9,3.920602788776159,0.0279175558214774,42.42274261713028,0.1662229299545288,0.277374267578125,24.06217384338379,0.5055099427700043,4480,0.2
9,3.917543011158705,0.012347934157151,37.91255442500115,0.0436441302299499,0.25040283203125,17.953195571899414,0.5230280160903931,4490,0.2
9,3.922338931262493,0.0174855726640089,39.29945539832115,0.0397785864770412,0.2856689453125,19.345535278320312,0.510877937078476,4500,0.2
9,3.927714218944311,0.0201692133014148,39.49168542325496,0.0530164688825607,0.2780517578125,20.81851387023925,0.5016217231750488,4510,0.2
9,3.953234592080116,0.0177087431213294,35.5431217700243,0.0608355328440666,0.2879638671875,17.239824295043945,0.5240081548690796,4520,0.2
9,3.9416003838181495,0.0167234955944877,35.5787732899189,0.0534841641783714,0.254901123046875,18.973482131958008,0.5217457115650177,4530,0.2
9,3.937450186163187,0.0144436200607742,39.10244047045708,0.0325483791530132,0.25665283203125,18.98975944519043,0.4961355328559875,4540,0.2
9,3.9523780301213263,0.0152152661466971,34.47037835717201,0.043883666396141,0.26461181640625,16.989425659179688,0.5451416671276093,4550,0.2
9,3.968911202996969,0.0149532734991225,38.1267935693264,0.0415648892521858,0.262396240234375,23.04505920410156,0.53148552775383,4560,0.2
9,3.970494806021452,0.0136243851997278,42.9513054907322,0.0460905469954013,0.26700439453125,24.49208068847656,0.517162024974823,4570,0.2
9,3.979954822361469,0.018838088279881,38.68089842796326,0.0580422170460224,0.2931640625,18.36099433898925,0.5328898727893829,4580,0.2
9,3.9822518840432166,0.0205014932820631,42.49985437989235,0.1189003512263298,0.275177001953125,18.96693420410156,0.482388973236084,4590,0.2
9,3.975484784692526,0.0146524461750232,36.27926492393017,0.0613292828202247,0.260400390625,17.4570255279541,0.5439931452274323,4600,0.2
9,3.991175502538681,0.0204177865845849,43.02381367385387,0.1324458718299865,0.28175048828125,16.943838119506836,0.5050533711910248,4610,0.2
9,4.0006001077592375,0.0159377051029878,39.6468290001154,0.0626702606678009,0.2660888671875,16.576414108276367,0.5206841826438904,4620,0.2
9,3.99869477674365,0.0165788339560094,38.2998611420393,0.0985236838459968,0.275665283203125,14.842918395996094,0.5150269269943237,4630,0.2
9,3.9820365041494368,0.0185259643971221,30.894795852899552,0.1077263206243515,0.29031982421875,15.36661434173584,0.4995100498199463,4640,0.2
9,3.9689821027219296,0.0156202769867377,33.52396523654461,0.0474767163395881,0.2386962890625,14.941722869873049,0.5244734287261963,4650,0.2
9,3.958488466590643,0.0207150230569823,37.07179968357086,0.0472727119922637,0.267645263671875,17.429134368896484,0.5232182443141937,4660,0.2
9,3.9649615928530695,0.0136710079175827,35.244621586799624,0.0347984656691551,0.2528076171875,18.939510345458984,0.527533084154129,4670,0.2
9,3.971571511030197,0.0132332221608521,32.36801731884479,0.0445591397583484,0.258734130859375,15.933070182800291,0.5232259631156921,4680,0.2
9,3.975155983865261,0.0164382005350489,35.656779459118844,0.0450667291879653,0.269976806640625,20.92537879943848,0.5234216153621674,4690,0.2
9,3.9745435819029806,0.0158700835549098,35.92812630832195,0.0717897713184356,0.263507080078125,17.65302085876465,0.5168057084083557,4700,0.2
9,3.9867321334779264,0.0127133387184585,38.89972299933434,0.0601395517587661,0.253167724609375,22.16966819763184,0.52039834856987,4710,0.2
9,3.997448208928108,0.0138145154691301,38.76563809514046,0.0544820055365562,0.25076904296875,19.281312942504883,0.5138083398342133,4720,0.2
9,4.022348547726869,0.0106707587459823,36.14864414632321,0.0489441640675067,0.264215087890625,19.958925247192383,0.5261756479740143,4730,0.2
9,4.040685241669417,0.0196467488749476,40.66925757825375,0.07144296169281,0.277642822265625,19.90648651123047,0.5078873634338379,4740,0.2
9,4.035349372029304,0.0206906327781325,39.52061960399151,0.2172456085681915,0.266522216796875,19.02214813232422,0.5023243427276611,4750,0.2
9,4.045166667550802,0.0125234357161389,31.238601946830748,0.0399919711053371,0.250787353515625,15.910082817077637,0.5285243391990662,4760,0.2
9,4.056664644926786,0.0143492956958652,42.32901515066624,0.0572538450360298,0.24678955078125,20.0836238861084,0.4957842230796814,4770,0.2
9,4.066024740785361,0.0157295723016432,39.74534108042717,0.0554084591567516,0.25802001953125,21.504791259765625,0.4957559704780578,4780,0.2
9,4.052515614032745,0.0202931047722813,36.166672399640085,0.1523815989494323,0.276910400390625,19.159931182861328,0.5312019884586334,4790,0.2
9,4.043776401877404,0.0166547939006704,40.800964853167535,0.0583125799894332,0.2687255859375,26.49771881103516,0.5074895918369293,4800,0.2
9,4.059356068074703,0.0291872582343785,35.96769246459007,0.2604135274887085,0.2896240234375,22.43739891052246,0.5260027348995209,4810,0.2
9,4.065646493434906,0.0148049547296977,38.15106742680073,0.1476833373308181,0.25860595703125,12.451586723327637,0.4772260189056396,4820,0.2
9,4.067913296818733,0.0182703227397723,40.46270712912083,0.0823091641068458,0.26077880859375,19.250537872314453,0.498697817325592,4830,0.2
9,4.070358107984066,0.011905723032396,37.42061440944671,0.0430827364325523,0.262890625,19.1362419128418,0.4740205407142639,4840,0.2
9,4.07262222841382,0.0215249032109568,40.40444241464138,0.1097535192966461,0.267816162109375,18.73122978210449,0.5225982367992401,4850,0.2
9,4.08127957880497,0.0167436370567884,41.21910726130009,0.1290858089923858,0.26666259765625,19.90349769592285,0.4986886382102966,4860,0.2
9,4.068019585311413,0.0198855464259395,44.79154163002968,0.0885534435510635,0.270361328125,19.24478340148925,0.500925749540329,4870,0.2
9,4.069673956930638,0.0174745721735234,37.753503295779225,0.0453974157571792,0.2630859375,14.696931838989258,0.5101989209651947,4880,0.2
9,4.064718927443027,0.0165062010586552,42.52369799017906,0.1147387772798538,0.25673828125,21.11478042602539,0.4723901748657226,4890,0.2
9,4.077452772110701,0.0211197965931205,40.23602103888989,0.0682197362184524,0.29544677734375,20.61722183227539,0.473358690738678,4900,0.2
9,4.097835253924131,0.0172070987020561,40.2445536673069,0.2333022505044937,0.2744384765625,20.56913948059082,0.5019783675670624,4910,0.2
9,4.085003992170096,0.015015499141009,43.59711717069149,0.078910581767559,0.2544677734375,21.36656188964844,0.4890593886375427,4920,0.2
9,4.081296498328447,0.0163907175854546,37.98020150065422,0.4063988626003265,0.255706787109375,18.400218963623047,0.507177323102951,4930,0.2
9,4.087210512161255,0.0147564887512999,40.66456643640995,0.5129668712615967,0.252215576171875,22.157621383666992,0.4775959253311157,4940,0.2
9,4.094021697342396,0.0171140692240442,42.26726430952549,0.0739325433969497,0.28175048828125,20.5321044921875,0.4930956363677978,4950,0.2
9,4.078698331862688,0.0149608599371276,41.94665766358376,0.0511034652590751,0.25577392578125,21.97926902770996,0.5109011232852936,4960,0.2
9,4.08622467443347,0.0150191528249706,41.78064215481281,0.0708718821406364,0.262322998046875,20.18669891357422,0.5033836960792542,4970,0.2
9,4.060459771752358,0.0159739673501462,41.3325271576643,0.1206121295690536,0.253387451171875,15.550026893615724,0.5110036432743073,4980,0.2
9,4.061697021126747,0.0248783830917091,35.91404180526733,0.1264695525169372,0.297607421875,15.582368850708008,0.4791472554206848,4990,0.2
9,4.071486228704453,0.0155895454212441,38.091804870963095,0.0484990179538726,0.2593505859375,16.62137794494629,0.5107763409614563,5000,0.2
9,4.076905950158834,0.0177923165865649,41.15791219174862,0.1220304369926452,0.26739501953125,21.382644653320312,0.4839269518852234,5010,0.2
9,4.091603203862905,0.017800636938773,42.54242732524872,0.0421770028769969,0.268280029296875,19.4011173248291,0.4947947263717651,5020,0.2
9,4.101215573400259,0.0140446721183252,38.92270233035087,0.0554176084697246,0.27845458984375,19.90740203857422,0.5009722709655762,5030,0.2
9,4.093602614104748,0.0138356483497773,38.20308683514595,0.0542714297771453,0.253192138671875,21.815160751342773,0.5150108933448792,5040,0.2
9,4.106931339204311,0.0190516677583218,36.091778591275215,0.0955758467316627,0.27301025390625,18.35853576660156,0.5003497302532196,5050,0.2
9,4.111096564680338,0.0168601406607194,35.32438374757767,0.1773225665092468,0.2721435546875,13.827750205993652,0.4909861087799072,5060,0.2
9,4.110049609094858,0.0128592229797504,35.34939828813076,0.0812035948038101,0.26651611328125,19.143104553222656,0.5160742402076721,5070,0.2
9,4.1174557588994505,0.0149862293510523,40.45242052674293,0.062433898448944,0.263543701171875,20.9677677154541,0.5132738053798676,5080,0.2
9,4.11933698579669,0.0153160921756352,37.986050724983215,0.0621522814035415,0.265032958984375,17.958826065063477,0.5054931640625,5090,0.2
9,4.125191048532725,0.0140219302331388,35.315381878614424,0.0630089491605758,0.26888427734375,16.990924835205078,0.4978923201560974,5100,0.2
9,4.125575605034828,0.0146667467080988,35.82619825303554,0.0777715221047401,0.26951904296875,18.47474670410156,0.5019956231117249,5110,0.2
9,4.128879946470261,0.0138937854833784,33.203576943278314,0.0361212044954299,0.250567626953125,20.539194107055664,0.5370262861251831,5120,0.2
9,4.129311180859804,0.0139577530833776,42.37410533130169,0.0534001514315605,0.25284423828125,21.414043426513672,0.5396875441074371,5130,0.2
9,4.141583599150181,0.0142185779943247,47.04227472543717,0.0418955162167549,0.263519287109375,26.90676689147949,0.5040116608142853,5140,0.2
9,4.156317192316055,0.0156935768529365,44.78219498097896,0.0787929072976112,0.252947998046875,22.20646858215332,0.4928849935531616,5150,0.2
9,4.160527024418116,0.015061724143743,36.68507391214371,0.0546552464365959,0.27491455078125,17.115703582763672,0.5107263326644897,5160,0.2
9,4.182240376621484,0.0159385304810712,38.174979814887045,0.0478634759783744,0.284576416015625,21.0295467376709,0.4952758550643921,5170,0.2
9,4.189836960285902,0.0178752035208162,37.30787787437439,0.0652570128440857,0.25924072265625,15.603519439697266,0.513795793056488,5180,0.2
9,4.193477802723646,0.0132057397269818,44.737792709469794,0.0392401851713657,0.245928955078125,26.516218185424805,0.5174833536148071,5190,0.2
9,4.188742306828499,0.0151844297324714,36.28514470756054,0.1407267153263092,0.271636962890625,19.66313934326172,0.5030959844589233,5200,0.2
9,4.19188037738204,0.0172877693781629,35.39049008488655,0.0671752765774726,0.274114990234375,15.73175811767578,0.4967522025108337,5210,0.2
9,4.189213778078556,0.0166924141885829,39.40307438373566,0.2818576097488403,0.289019775390625,19.71512985229492,0.4862231612205505,5220,0.2
9,4.185722282528877,0.0140102362842299,40.89422331750393,0.041039440780878,0.2699951171875,17.980754852294922,0.5010496973991394,5230,0.2
9,4.19222232028842,0.0125193677136849,43.58246903419494,0.0341264232993125,0.266778564453125,20.592931747436523,0.5108536183834076,5240,0.2
9,4.189538538455963,0.0132769925941829,42.41996540129185,0.0401108935475349,0.266534423828125,18.861270904541016,0.5209207236766815,5250,0.2
9,4.20326691120863,0.0114432150869106,44.21702472567559,0.0274274088442325,0.2528076171875,18.809215545654297,0.5024450719356537,5260,0.2
9,4.218889989703894,0.0129827673328691,42.51750712990761,0.0707780048251152,0.27476806640625,19.63409996032715,0.500434398651123,5270,0.2
9,4.230146323144436,0.0124051603390398,42.77192844748497,0.0490796864032745,0.2554931640625,19.57874870300293,0.5124883055686951,5280,0.2
9,4.239653214812279,0.0109158509541885,37.058639022707936,0.1617105156183242,0.258880615234375,17.973684310913086,0.509732186794281,5290,0.2
9,4.240078935027123,0.0162394323997432,38.38140898346901,0.0794480443000793,0.28148193359375,22.451396942138672,0.5193363726139069,5300,0.2
9,4.242889408022165,0.0148024401161819,40.33118127882481,0.063505619764328,0.283953857421875,19.058813095092773,0.5003705322742462,5310,0.2
9,4.239332596212625,0.012556541529193,40.31841423213482,0.0380937159061431,0.26361083984375,17.434579849243164,0.5031717717647552,5320,0.2
9,4.240642198175192,0.0157071497618744,40.40191625058651,0.047047208994627,0.2821533203125,15.313665390014648,0.5202874839305878,5330,0.2
9,4.248681803792715,0.0175814178324799,43.456803479790686,0.275113582611084,0.27481689453125,19.93462371826172,0.524065762758255,5340,0.2
9,4.247867109626531,0.0143677463463973,41.74976892769337,0.0675344318151474,0.26016845703125,18.113758087158203,0.5227061212062836,5350,0.2
9,4.253465831279755,0.0149146850410033,43.13246685266495,0.0450979620218277,0.290570068359375,18.386768341064453,0.4574604034423828,5360,0.2
9,4.252625784277916,0.0155509578122291,43.73390592336655,0.0601509027183055,0.262945556640625,23.150033950805664,0.5071505308151245,5370,0.2
9,4.256739035993815,0.0178586815287417,49.06293848156929,0.0363279618322849,0.28253173828125,22.325090408325195,0.5004791021347046,5380,0.2
9,4.267498481273651,0.0139557427130057,46.59087089300156,0.0326294526457786,0.2765869140625,22.09908676147461,0.5199810564517975,5390,0.2
9,4.277373757958412,0.0161690584434836,44.82866102457047,0.0690983533859252,0.296417236328125,20.291534423828125,0.4958392381668091,5400,0.2
9,4.274336860328913,0.0190540664552827,46.15680803060532,0.134780928492546,0.298687744140625,26.05458641052246,0.503858208656311,5410,0.2
9,4.277646227926016,0.0187364268233068,43.82580810189247,0.0403155982494354,0.2844482421875,21.19454765319824,0.4847320318222046,5420,0.2
9,4.286090072989464,0.0150119196077866,44.68204289674759,0.0413230247795581,0.262506103515625,20.749919891357425,0.533366322517395,5430,0.2
9,4.279854129254818,0.011187159257679,49.567977333068846,0.071703627705574,0.24949951171875,24.11940193176269,0.4935656785964966,5440,0.2
9,4.259399607032537,0.0164323575867456,43.29783162772655,0.0574755147099494,0.268011474609375,23.936811447143555,0.503246933221817,5450,0.2
9,4.272708074748516,0.0135115063065313,47.61024451851845,0.0410415679216384,0.279864501953125,29.03134536743164,0.4971799254417419,5460,0.2
9,4.271653999388218,0.0169401935683708,48.32802746295929,0.0492562055587768,0.283575439453125,21.173973083496094,0.4979503154754638,5470,0.2
9,4.269359158724546,0.0169788763243559,48.3632236123085,0.0494934618473053,0.285137939453125,22.35122299194336,0.4985983967781067,5480,0.2
9,4.27085841819644,0.0170571785245556,49.27563401460648,0.043823555111885,0.292071533203125,27.68387031555176,0.4770551919937134,5490,0.2
9,4.2729700550436975,0.0145612599480955,48.80752500295639,0.0648986846208572,0.28138427734375,19.48976325988769,0.4689347147941589,5500,0.2
9,4.277683467417956,0.0144163095086696,48.60660232305527,0.0702899545431137,0.26585693359375,26.39588928222656,0.4749305844306946,5510,0.2
9,4.274449423700571,0.0201227638499403,51.9509802877903,0.1012080833315849,0.304547119140625,22.35326385498047,0.490626573562622,5520,0.2
9,4.274410296231508,0.018259580650556,51.16263675689697,0.0794429257512092,0.299127197265625,23.8738021850586,0.4480020999908447,5530,0.2
9,4.293069335073232,0.0178856411970627,51.53246113061905,0.1284380257129669,0.273687744140625,24.50800323486328,0.4964097738265991,5540,0.2
9,4.264571284502745,0.0198243670762167,43.17060407996178,0.0535888895392417,0.312652587890625,21.27309226989746,0.4631534814834595,5550,0.2
9,4.28765015900135,0.015064336672367,47.4181487262249,0.0425885617733001,0.28267822265625,22.78901100158692,0.489708662033081,5560,0.2
9,4.29557488784194,0.0186124785101128,43.46937991082668,0.0421429872512817,0.309619140625,30.8530502319336,0.4999713897705078,5570,0.2
9,4.278448015451431,0.0177178282101522,46.04758114814759,0.0466646999120712,0.287188720703125,18.909971237182617,0.5049777925014496,5580,0.2
9,4.294193503260613,0.0137708610513072,47.578006964921954,0.0393716245889663,0.269451904296875,27.19490623474121,0.4998363256454468,5590,0.2
9,4.291593504697085,0.0166404293231607,48.8282412469387,0.0405752658843994,0.2948974609375,24.047592163085938,0.5043988227844238,5600,0.2
9,4.295418310165405,0.0185632888918917,57.82827171087265,0.0467404536902904,0.277655029296875,22.26264762878418,0.4616755843162536,5610,0.2
9,4.314643385261297,0.0171869505851645,46.22689655721187,0.0353624001145362,0.290765380859375,23.138946533203125,0.5009623765945435,5620,0.2
9,4.332398898154497,0.0141709652205463,49.73220596313477,0.0299783125519752,0.28092041015625,30.11383628845215,0.4821357727050781,5630,0.2
9,4.34198589026928,0.0154432572482619,49.15751173496246,0.0608947798609733,0.2808837890625,24.411828994750977,0.4817139506340027,5640,0.2
9,4.344570754468441,0.0154775464434351,49.33006219267845,0.0341178812086582,0.288677978515625,24.44365501403809,0.499316930770874,5650,0.2
9,4.344411996752024,0.0121083949983585,56.05755852460861,0.0273621417582035,0.252984619140625,33.23878860473633,0.5128428339958191,5660,0.2
9,4.3591225780546665,0.0177325847151223,52.52986104488373,0.042449627071619,0.289996337890625,30.79963493347168,0.5088740885257721,5670,0.2
9,4.356574910134077,0.0220436984098341,48.43158189654351,0.0778737589716911,0.3052978515625,23.857675552368164,0.4823073148727417,5680,0.2
9,4.367607715725899,0.0212166060358868,55.3371931374073,0.0489628985524177,0.320452880859375,31.6027946472168,0.4914879202842712,5690,0.2
9,4.376511927694082,0.0179992811019474,54.96447338461876,0.0488708689808845,0.305126953125,24.99496078491211,0.4621348977088928,5700,0.2
9,4.385641849040985,0.0159025893575744,45.356875002384186,0.0515838786959648,0.28946533203125,21.173789978027344,0.5127421915531158,5710,0.2
9,4.387824539840222,0.0179666443749738,49.8354773581028,0.0704812332987785,0.3021728515625,24.583744049072266,0.4736608266830444,5720,0.2
9,4.389617982506752,0.0149804601140203,48.70560082197189,0.0423653721809387,0.278802490234375,28.196413040161133,0.4852139353752136,5730,0.2
9,4.368764965236187,0.0155555117784388,44.10787819325924,0.0466490536928176,0.28323974609375,19.394943237304688,0.4881143569946289,5740,0.2
9,4.380782689899206,0.016835457030902,46.62015791833401,0.053504891693592,0.3103759765625,18.8494930267334,0.4562233686447143,5750,0.2
9,4.398438322544098,0.0224930078526085,51.315344619750974,0.1789416670799255,0.30533447265625,23.46158218383789,0.461069643497467,5760,0.2
9,4.413565396517515,0.012870465008018,52.74774228930473,0.0384505279362201,0.283099365234375,30.54369354248047,0.4792675971984863,5770,0.2
9,4.4200291022658345,0.0193733881460502,46.00743432939053,0.0406070426106452,0.314288330078125,21.6510066986084,0.4947402477264404,5780,0.2
9,4.423332184553146,0.0154851984574634,44.048773711919786,0.0329366624355316,0.28084716796875,25.599666595458984,0.5137410759925842,5790,0.2
9,4.428525076806546,0.0159515662089688,49.78579752445221,0.0517755895853042,0.278173828125,22.212417602539062,0.4988673329353332,5800,0.2
9,4.430689581483603,0.0174043927974707,48.49507963359356,0.0558192804455757,0.291876220703125,25.16900062561035,0.5284856557846069,5810,0.2
9,4.432094629853964,0.015606831338664,51.41139429211616,0.0570663660764694,0.28270263671875,26.84652709960937,0.4912765026092529,5820,0.2
9,4.428474136441946,0.0225727294862736,46.73116947114468,0.101647712290287,0.321649169921875,20.47984504699707,0.5335588455200195,5830,0.2
9,4.424379698187113,0.0203287357500812,46.82283918261528,0.0583443567156791,0.308453369140625,21.97198486328125,0.513790488243103,5840,0.2
9,4.415889550000429,0.0196580107920453,43.02819172739983,0.0611197240650653,0.316949462890625,24.09936141967773,0.5417365729808807,5850,0.2
9,4.404248573631048,0.0185296897223452,41.61415683925152,0.0494642704725265,0.308953857421875,17.418981552124023,0.5382131040096283,5860,0.2
9,4.394503694027662,0.0174138053313072,41.72049196958542,0.0474059730768203,0.29881591796875,20.579195022583008,0.5203076004981995,5870,0.2
9,4.399585739523173,0.0165891381038818,43.12398299276829,0.071995235979557,0.29473876953125,24.15885162353516,0.5205204784870148,5880,0.2
9,4.398970747739076,0.0177805404542596,41.61655186116696,0.0451233088970184,0.3054931640625,17.1297607421875,0.5062646865844727,5890,0.2
9,4.388826147466898,0.0146124867947946,44.32299102544785,0.0395577028393745,0.277252197265625,19.33871841430664,0.5313054323196411,5900,0.2
9,4.38361817151308,0.0145054669748788,42.2240159958601,0.0471182391047477,0.279498291015625,20.038631439208984,0.5156316459178925,5910,0.2
9,4.382571313530207,0.0142633711264352,41.06559498906135,0.0412539988756179,0.27763671875,15.364324569702148,0.5344046354293823,5920,0.2
9,4.374190808832646,0.0190777288087701,45.69255334734917,0.0660394430160522,0.294635009765625,25.83391571044922,0.5431172549724579,5930,0.2
9,4.377168636023998,0.0198309060157043,48.883836379647256,0.0552577599883079,0.31702880859375,22.609840393066406,0.5264780223369598,5940,0.2
9,4.375156868249178,0.0170848184570786,46.50359379053116,0.0589293427765369,0.299163818359375,25.265043258666992,0.5019272565841675,5950,0.2
9,4.371361768245697,0.0174357378091372,42.60281805694103,0.0465652048587799,0.291015625,16.949527740478516,0.5229949951171875,5960,0.2
9,4.374620796740055,0.0199385740510479,44.47626120746136,0.0880802571773529,0.304437255859375,22.579082489013672,0.4978178739547729,5970,0.2
9,4.358746040612459,0.0151153214173973,45.49790968298912,0.0608138814568519,0.28048095703125,21.43875503540039,0.4910742044448852,5980,0.2
9,4.350451312214136,0.0169601495053939,48.741701650619504,0.0510204583406448,0.26861572265625,24.483531951904297,0.5259615480899811,5990,0.2
9,4.359359153360129,0.0135812711610924,50.66894500851631,0.0393302515149116,0.2720703125,25.924346923828125,0.500565230846405,6000,0.2
9,4.360975536704063,0.0152226088117458,51.19469138383865,0.0475092306733131,0.285919189453125,23.00136947631836,0.4686396718025207,6010,0.2
9,4.375612917542457,0.0165831660560797,43.04582537710667,0.0440449118614196,0.280322265625,22.1426944732666,0.5033960044384003,6020,0.2
9,4.364584393054247,0.0148070546572853,44.1539188504219,0.045321762561798,0.278521728515625,23.08528709411621,0.4888967275619507,6030,0.2
9,4.351858106255532,0.0179715026439225,49.7622064948082,0.047549620270729,0.274493408203125,25.496767044067383,0.4871569871902466,6040,0.2
9,4.348899601399898,0.0159168915750342,51.81027080416679,0.0613952055573463,0.280035400390625,25.28574180603028,0.4970697164535522,6050,0.2
9,4.3490211993455885,0.0189598046483297,50.852480351924896,0.1148454695940017,0.296588134765625,23.98833465576172,0.4941279888153076,6060,0.2
9,4.3296028763055805,0.0186602263005625,50.80129978060722,0.0619950890541076,0.29552001953125,22.797344207763672,0.4959394335746765,6070,0.2
9,4.319384871423244,0.0151693359861383,47.98691728115082,0.0737309157848358,0.274609375,23.741191864013672,0.5161680281162262,6080,0.2
9,4.317157311737537,0.0179228566863457,47.15069662928581,0.039406057447195,0.29154052734375,18.13874244689941,0.4991697669029236,6090,0.2
9,4.296849070489406,0.0154341931614908,47.40128115713596,0.0408790037035942,0.27451171875,23.269819259643555,0.4881602525711059,6100,0.2
9,4.309710457921028,0.0154508492778404,42.22863667607307,0.0556959919631481,0.262371826171875,22.04396247863769,0.5201808512210846,6110,0.2
9,4.322057975828647,0.012877156016475,47.24208109974861,0.0378629006445407,0.266839599609375,20.03993034362793,0.4938781857490539,6120,0.2
9,4.313435303419828,0.0162999782565748,40.92935032248497,0.0632010251283645,0.276544189453125,16.071439743041992,0.5086421966552734,6130,0.2
9,4.334024094045162,0.015697071453178,44.86191177368164,0.0497512370347976,0.2699462890625,23.427215576171875,0.4964383244514465,6140,0.2
9,4.342068382352591,0.0176020011247601,39.27710122466088,0.0754441246390342,0.29385986328125,23.770544052124023,0.4991006255149841,6150,0.2
9,4.334815423935652,0.0198162913213309,48.34864872694016,0.0437319204211235,0.291180419921875,24.52138328552246,0.5095813870429993,6160,0.2
9,4.361580332368613,0.0204099884387687,43.229767522215845,0.1571377664804458,0.31474609375,22.28805351257324,0.4867291450500488,6170,0.2
9,4.347501219063997,0.0312426054901152,45.536754781007765,0.060898620635271,0.3188232421875,23.455230712890625,0.5003242492675781,6180,0.2
9,4.351161462813616,0.0163356808610842,41.05468992888928,0.0393304228782653,0.270147705078125,22.863794326782227,0.518496960401535,6190,0.2
9,4.358231548964977,0.0145213804898958,39.70721811056137,0.0457366108894348,0.2689208984375,19.150310516357425,0.5199519097805023,6200,0.2
9,4.365570449829102,0.0190439169600722,42.13331969380378,0.1666628122329712,0.276019287109375,15.545740127563477,0.4988033771514892,6210,0.2
9,4.344804195314646,0.0266176299901417,43.8424756616354,0.0563429780304431,0.3074951171875,27.848323822021484,0.4845577478408813,6220,0.2
9,4.342477136850357,0.0133476435774355,39.7542376101017,0.0529058724641799,0.24559326171875,17.88304901123047,0.4956173896789551,6230,0.2
9,4.339735393971205,0.0164753382719936,42.52116896510124,0.0484749674797058,0.272119140625,17.89693260192871,0.5053006410598755,6240,0.2
9,4.345131763070822,0.0146940502854704,41.79936408400536,0.0423501469194889,0.278338623046875,17.450206756591797,0.524699479341507,6250,0.2
9,4.352755555510521,0.0202002313904813,38.775512161850926,0.0382017195224761,0.31065673828125,18.247148513793945,0.5173716843128204,6260,0.2
9,4.356373215466737,0.0136666592312394,41.51226313710213,0.0271956417709589,0.24371337890625,18.223848342895508,0.5093116462230682,6270,0.2
9,4.356861980259419,0.0127560135311796,42.77484667599201,0.1057883203029632,0.253717041015625,21.582244873046875,0.51773601770401,6280,0.2
9,4.354163736104965,0.0140595123695675,45.032462152838704,0.0267615430057048,0.259637451171875,24.569034576416016,0.5139221847057343,6290,0.2
9,4.362246110290289,0.0187712635040952,43.69560968577862,0.0453804805874824,0.303936767578125,16.649845123291016,0.4779301285743713,6300,0.2
9,4.364385016262531,0.0169897445077367,39.72372688055039,0.0455114021897316,0.29708251953125,21.819196701049805,0.5258167684078217,6310,0.2
9,4.370967575907708,0.0222389108712377,43.84760461747646,0.0469089746475219,0.292877197265625,17.03934097290039,0.5244202017784119,6320,0.2
9,4.368903818726539,0.0213704738620435,41.6648915708065,0.1057370901107788,0.283282470703125,19.920631408691406,0.5104565024375916,6330,0.2
9,4.37512064948678,0.0158715235367708,38.0041904360056,0.0469880923628807,0.28697509765625,15.32384967803955,0.5299111306667328,6340,0.2
9,4.377789764106273,0.0176338278120965,37.17167657911777,0.0329751446843147,0.29600830078125,17.253833770751953,0.5229237377643585,6350,0.2
9,4.393945806473494,0.0153338180818536,39.07387538850308,0.0467210002243518,0.28631591796875,20.83287811279297,0.5085436999797821,6360,0.2
9,4.387883539497852,0.0172170418751193,37.075988587737086,0.0407787375152111,0.274169921875,16.583208084106445,0.5418376326560974,6370,0.2
9,4.377528177201748,0.0188360470943734,31.892786505818368,0.0979544669389724,0.292413330078125,14.027743339538574,0.5369930863380432,6380,0.2
9,4.374421042203903,0.0145589396364812,33.21407920718193,0.0413148775696754,0.261322021484375,13.591897010803224,0.5653498768806458,6390,0.2
9,4.380191660672426,0.0145081400791241,32.29986314773559,0.0383335873484611,0.276922607421875,10.654779434204102,0.5609806180000305,6400,0.2
9,4.383707484602928,0.0191795525162888,40.2466260522604,0.0521374531090259,0.293841552734375,19.876066207885746,0.5327831208705902,6410,0.2
9,4.379261918365955,0.0165499124974303,39.90608048737049,0.0546141825616359,0.281817626953125,22.004383087158203,0.5154027342796326,6420,0.2
9,4.391102479398251,0.0163152012864884,37.79649594128132,0.0459216125309467,0.285211181640625,24.11404037475586,0.526771068572998,6430,0.2
9,4.389889902621508,0.0154826262867572,36.06724752485752,0.0289064534008502,0.2815673828125,16.11868667602539,0.5540261268615723,6440,0.2
9,4.395373637974262,0.0206305917516147,36.14838692545891,0.0997533798217773,0.2973388671875,17.556583404541016,0.5316556990146637,6450,0.2
9,4.416492663323879,0.0222880408335186,38.22768142223358,0.0718815326690673,0.300823974609375,18.78597450256348,0.5272729098796844,6460,0.2
9,4.417584718763829,0.0208787886818754,34.69555160105229,0.0910011976957321,0.28656005859375,15.402664184570312,0.5283890068531036,6470,0.2
9,4.421598570048809,0.0166215655670384,35.02717072367668,0.0631109774112701,0.275146484375,16.684402465820312,0.5584852397441864,6480,0.2
9,4.392670876532793,0.0272313215733447,35.355156150460246,0.1110967099666595,0.30947265625,16.23337745666504,0.5451426208019257,6490,0.2
9,4.399707332253456,0.0152286495584121,27.838099429011343,0.0379981994628906,0.272064208984375,13.64120101928711,0.5951682329177856,6500,0.2
9,4.396299796551466,0.016021891899436,31.450928232073785,0.0396405756473541,0.268255615234375,13.581570625305176,0.5755330920219421,6510,0.2
9,4.4106983609497545,0.0140298565158445,26.25997020304203,0.042625892907381,0.271282958984375,11.196229934692385,0.6196660995483398,6520,0.2
9,4.406265422701836,0.0142281017695495,27.312354351580144,0.0344984866678714,0.268096923828125,13.487603187561035,0.6134057641029358,6530,0.2
9,4.420937053114176,0.0167148648622969,21.050460503995417,0.045680895447731,0.320306396484375,11.597131729125977,0.6318522691726685,6540,0.2
9,4.4126628957688805,0.0191681906006124,24.75475582629442,0.0356793142855167,0.306256103515625,9.923877716064451,0.6275779902935028,6550,0.2
9,4.417013829946518,0.0165658171914401,25.6433538466692,0.0534418821334838,0.300262451171875,12.151968002319336,0.6305720806121826,6560,0.2
9,4.40614598467946,0.0209174760952009,26.07581072598696,0.0663089081645011,0.306005859375,12.75425624847412,0.5679497420787811,6570,0.2
9,4.3968622267246245,0.0178165773362707,25.150361922383308,0.0525906607508659,0.28438720703125,11.34632682800293,0.5826098620891571,6580,0.2
9,4.396803764253855,0.0156099295527383,28.60205297470093,0.041050300002098,0.2922607421875,11.247844696044922,0.5608953535556793,6590,0.2
9,4.413588323444128,0.0253952702129026,30.389152684807776,0.3537535071372986,0.303594970703125,15.14295768737793,0.5614953637123108,6600,0.2
9,4.409019955247641,0.0126223687031597,25.164147950708863,0.0511577576398849,0.288916015625,12.465048789978027,0.4870033860206604,6610,0.2
9,4.420410779863596,0.0190890396122995,25.359217785298824,0.0422873795032501,0.307647705078125,14.97654914855957,0.5385215282440186,6620,0.2
9,4.4094498254358765,0.0198694671937119,25.70542486160993,0.0476844646036624,0.286822509765625,8.850628852844238,0.5221348106861115,6630,0.2
9,4.424844934046268,0.0130852789516211,30.05776872932911,0.0585730522871017,0.274957275390625,15.495253562927246,0.5311123132705688,6640,0.2
9,4.420669229328633,0.0164467478276492,25.4127299785614,0.1090273410081863,0.29110107421875,14.12358283996582,0.5654335618019104,6650,0.2
9,4.417432218790054,0.0161637277102272,28.00884906649589,0.0461285039782524,0.280462646484375,12.6379976272583,0.5467326939105988,6660,0.2
9,4.400898183137178,0.014852037370656,30.99435713589192,0.0578666552901268,0.28740234375,14.795387268066406,0.5149643123149872,6670,0.2
9,-2.767236235365272,-0.0018877248534408,8.400244858115911,0.0061902208253741,0.0575439453125,5.3079352378845215,0.0055292844772338,10,0.2
9,-2.737066212669015,-0.0016054653806349,11.124138436466456,0.0042771520093083,0.035797119140625,5.115251541137695,0.3606404662132263,20,0.2
9,-2.694047291949391,0.0007491604526876,15.671866814792155,0.0090210307389497,0.073101806640625,8.607393264770508,0.3837140202522278,30,0.2
9,-2.8026471786201,-0.0011599131503317,9.155232705920934,0.0035085962153971,0.0331787109375,4.413204193115234,0.0032333731651306,10,0.2
9,-2.7715038005262613,-0.0018219014389615,15.712983171641827,0.0051954351365566,0.062567138671875,6.411614894866943,0.3752719163894653,20,0.2
9,-2.7450438871979714,-0.000259871767048,16.355967490375043,0.0047836480662226,0.086553955078125,9.09012222290039,0.4093916416168213,30,0.2
9,-2.802351987361908,-0.001514026591758,11.075081572681665,0.0062257284298539,0.0332275390625,4.656615257263184,-0.0079795122146606,10,0.2
9,-2.765331520885229,-0.0014100099288043,13.017397230118512,0.0092121884226799,0.060418701171875,6.540371417999268,0.4080445170402527,20,0.2
9,-2.7110968992114066,-0.002684021919412771,16.70862628519535,0.008119391277432442,0.078497314453125,12.850582122802734,0.42753320932388306,30,0.2
